name,asins,categories,primaryCategories,imageURLs
AmazonBasics Nylon CD/DVD Binder (400 Capacity),"B00DIHVMEA,B00EZ1ZTV0","Audio & Video Accessories,TV, Video & Home Audio,Home Audio & Video Accessories,DVD Cases,Electronics,Media Cases & Storage,TV, Video & Audio Accessories,Media Storage & Organization,Disc Storage Wallets,Consumer Electronics,CD, DVD & Blu-ray Discs,Blank Audio/Video Media,Accessories & Supplies,all electronics",Electronics,"http://ecx.images-amazon.com/images/I/41jQha7Z7VL._SS40_.jpg,https://i.ebayimg.com/images/g/fzIAAOSwyHJcfeFd/s-l64.jpg,http://ecx.images-amazon.com/images/I/41wHqrf0wpL._SS40_.jpg,https://images-na.ssl-images-amazon.com/images/I/A10hSrURNlL._SL1500_.jpg,https://images-na.ssl-images-amazon.com/images/I/41rePmoxK0L._SS40_.jpg,https://images-na.ssl-images-amazon.com/images/I/41rePmoxK0L._SY300_QL70_.jpg,http://ecx.images-amazon.com/images/I/01G2aSYe7yS._SS40_PKmb-play-button-overlay-thumb_.png,https://i.ebayimg.com/thumbs/images/g/UsYAAOSwF31b4vv0/s-l96.jpg,https://images-na.ssl-images-amazon.com/images/I/81MKtWTvVfL._SL1500_.jpg,https://i.ebayimg.com/thumbs/images/g/hW4AAOSwn-lZcBGA/s-l200.jpg,https://i.ebayimg.com/images/g/VTYAAOSwKLxbX3mg/s-l64.jpg,https://i.ebayimg.com/images/g/~DQAAOSwwcFcfeFa/s-l300.jpg,https://images-na.ssl-images-amazon.com/images/I/91Qkogm3eRL._SL1500_.jpg,http://ecx.images-amazon.com/images/I/411OrNMIkpL._SS40_.jpg,https://images-na.ssl-images-amazon.com/images/I/81veZwqxAwL._SL1500_.jpg,https://i.ebayimg.com/images/g/hrUAAOSwoXZcfeFm/s-l64.jpg"
Amazon Echo White,"B01E6AO69U,B00L9EPT8O","Stereos,Remote Controls,Audio Docks & Mini Speakers,Kitchen & Dining Features,Home & Tools,Electronics,New Networking,Wireless Speakers,Home, Garage & Office,Portable Speakers,iPod, Audio Player Accessories,Smart Home,Surveillance,Home Improvement,Smart Home & Home Automation Devices,Alarms & Sensors,Amazon Devices,Amazon,Holiday Shop,Kitchen Dining Features,Amazon Echo,Amazon Echo Accessories,Networking,Speaker Systems,TVs Entertainment,Clearance,Smart Hubs & Wireless Routers,Featured Brands,Smart Home & Connected Living,Home Security,Kindle Store,Home Automation,Home,Voice-Enabled Smart Assistants,Virtual Assistant Speakers,Portable Audio & Headphones,Electronics Features,Smart Home Automation,Amazon Device Accessories,Speakers,Smart Hub & Kits,Digital Device 3,Home & Furniture Clearance,Consumer Electronics,Smart Hubs,Home Safety & Security,Voice Assistants,Amazon Home,Virtual Assistant Speakers Displays,Audio",Electronics,"https://i.ebayimg.com/images/g/NWEAAOSwDehbdx6M/s-l140.jpg,https://static.bhphoto.com/images/images500x500/amazon_b01e6ao69u_amazon_echo_white_1474554046000_1283942.jpg,https://c1.neweggimages.com/NeweggImage/ProductImage/A8SV_1_20171218336483163.jpg,https://c1.neweggimages.com/NeweggImage/ProductImage/A8SV_1_201712181840167816.jpg,https://static.bhphoto.com/images/multiple_images/thumbnails/1474553727000_IMG_689230.jpg,https://c1.neweggimages.com/NeweggImage/ProductImage/A8SV_1_201712181267043764.jpg,https://i.ebayimg.com/images/g/rBoAAOSwlR9cZ4-a/s-l64.jpg,https://static.bhphoto.com/images/multiple_images/thumbnails/1474553727000_IMG_689228.jpg,https://c1.neweggimages.com/NeweggImage/ProductImage/A1ND_1_201811071155387028.jpg,https://i.ebayimg.com/images/g/VJMAAOSwvcBcZ4-R/s-l64.jpg"
Amazon Echo Show - Black,B01J24C0TI,"Amazon Echo,Virtual Assistant Speakers,Electronics Features,Networking,Home & Tools,Smart Home Automation,Electronics,TVs Entertainment,Speakers,New Networking,Smart Hub & Kits,Digital Device 3,Speakers & Audio Systems,Wireless Speakers,Smart Home,Home Improvement,Voice Assistants,Amazon Home,Virtual Assistant Speakers Displays,Home & Outdoors,Amazon,Bluetooth Speakers",Electronics,"https://static.bhphoto.com/images/smallimages/1502460407000_1353418.jpg,https://static.bhphoto.com/images/images500x500/amazon_b01j24c0ti_echo_show_black_1502460407000_1353418.jpg,https://c1.neweggimages.com/NeweggImage/ProductImage/81-511-002-Z01.jpg,https://www.barcodable.com/images/barcode/0841667120010.png,https://c1.neweggimages.com/NeweggImage/ProductImage/81-511-002-V03.jpg,https://images-na.ssl-images-amazon.com/images/I/51syqGPcCmL.jpg,https://c1.neweggimages.com/NeweggImage/ProductImage/81-511-002-V01.jpg,https://c1.neweggimages.com/NeweggImage/ProductImage/81-511-002-V02.jpg"
Echo Spot Pair Kit (Black),B073SQYXTW,"Amazon Echo,Networking,Home & Tools,Smart Home Automation,Smart Speakers,Electronics,TVs Entertainment,New Networking,Smart Hub & Kits,Digital Device 3,Speakers & Audio Systems,Consumer Electronics,Wireless Speakers,See more Amazon Echo Spot Smart Assistant - Black,Smart Speakers, Hubs & Accessories,Home Improvement,Amazon Home,Surveillance & Smart Home Electronics,Virtual Assistant Speakers Displays,Home & Outdoors,Amazon,Bluetooth Speakers",Electronics,"https://target.scene7.com/is/image/Target/GUEST_81e3a82a-3c3f-4d96-a100-b37133ade762,https://static.bhphoto.com/images/multiple_images/thumbnails/1517511633000_IMG_939524.jpg,https://static.bhphoto.com/images/multiple_images/thumbnails/1517511633000_IMG_939520.jpg,https://i.ebayimg.com/thumbs/images/g/29oAAOSwb-1cNj9Q/s-l96.jpg,https://c1.neweggimages.com/NeweggImage/ProductImage/81-511-014-V03.jpg,https://static.bhphoto.com/images/images500x500/amazon_b073sqyxtw_echo_spot_black_1517511943000_1387919.jpg,https://static.bhphoto.com/images/multiple_images/thumbnails/1517511633000_IMG_939521.jpg,https://i.ebayimg.com/images/g/QPsAAOSw1Fdch-PS/s-l64.jpg,https://static.bhphoto.com/images/smallimages/1517511943000_1387919.jpg,https://i.ebayimg.com/images/g/W14AAOSw7ttch-PQ/s-l64.jpg,https://static.bhphoto.com/images/smallimages/1518016044000_1389425.jpg,https://i.ebayimg.com/images/g/MIAAAOSwAFFb9xYV/s-l64.jpg,https://i.ebayimg.com/images/g/M9wAAOSwwrlch-PK/s-l64.jpg,https://static.bhphoto.com/images/images500x500/amazon_echo_spot_pair_kit_1518016044000_1389425.jpg,https://i.ebayimg.com/images/g/bIgAAOSwJr1bt~Nh/s-l64.jpg,https://i.ebayimg.com/images/g/ZvQAAOSwvSNch-PO/s-l64.jpg,https://static.bhphoto.com/images/multiple_images/thumbnails/1517511633000_IMG_939522.jpg,https://c1.neweggimages.com/NeweggImage/ProductImage/81-511-014-V05.jpg,https://i.ebayimg.com/images/g/I7gAAOSwxphch-PF/s-l64.jpg,https://i.ebayimg.com/images/g/1gkAAOSw5sBbViJB/s-l64.jpg,https://i.ebayimg.com/images/g/Y-QAAOSwHptcQJ8i/s-l64.jpg,https://i.ebayimg.com/images/g/3oQAAOSw1ktbViJA/s-l64.jpg,https://i.ebayimg.com/images/g/mRcAAOSwAnxchL85/s-l64.jpg,https://c1.neweggimages.com/NeweggImage/ProductImage/81-511-014-V06.jpg,https://static.bhphoto.com/images/multiple_images/thumbnails/1517511633000_IMG_939523.jpg"
Fire TV Stick Streaming Media Player Pair Kit,B00ZV9RDKK,"Electronics,TVs Entertainment,Featured Brands,Other TV, Video & Audio Accs,College Tvs & Home Theater,Streaming Media Players,Fire TV,TVs Entertainment xbqxrzdteyyb,Ways To Shop,Amazon SMP,Electronics Features,TVs & Home Theater,TV, Video & Home Audio,On To College,Media Streamers,TV & Home Theater,TV, Video & Audio Accessories,Digital Device 4,All Streaming Media Players,College Electronics,Video Devices & TV Tuners,Consumer Electronics,TV & Video,Streaming Devices,Back To College,Amazon Devices,Amazon,Holiday Shop",Electronics,"https://static.bhphoto.com/images/smallimages/1478208182000_1288281.jpg,https://static.bhphotovideo.com/explora/sites/default/files/cs-how-to-buy-a-streaming-device_0.jpg,https://static.bhphoto.com/images/images500x500/amazon_fire_tv_stick_streaming_1520948784000_1395909.jpg,https://static.bhphoto.com/images/images500x500/amazon_b00zv9rdkk_amazon_fire_tv_stick_1478208182000_1288281.jpg,https://c1.neweggimages.com/NeweggImage/ProductImage/1J8-0051-00003-S01.jpg,https://static.bhphoto.com/images/smallimages/1520948784000_1395909.jpg,https://c1.neweggimages.com/NeweggImage/ProductImage/1J8-0051-00003-S02.jpg"
AmazonBasics Ventilated Adjustable Laptop Stand,B00WRDS8H0,"Laptop Computer Stands,Electronics Features,Stands, Holders & Car Mounts,Home Office Furniture,Electronics,Office & School Supplies,Computers Features,Personal Computer,Office Furniture & Lighting,Furniture,Office Products,Desk Accessories & Workspace Organizers,Office Furniture Lighting,Computer Add On,Stands,Computers/Tablets & Networking,Platforms, Stands & Shelves,Laptop & Desktop Accessories,Laptop Cases & Bags,Notebook Computer Stands",Electronics,"https://i.ebayimg.com/images/g/AwgAAOSwKCZb348B/s-l300.jpg,https://images-na.ssl-images-amazon.com/images/I/916D5HKrjlL._SL1500_.jpg,https://images-na.ssl-images-amazon.com/images/I/91PXH%2BQbA1L._SL1500_.jpg,https://images-na.ssl-images-amazon.com/images/I/71NsRhnKZPL._SL1500_.jpg,https://images-na.ssl-images-amazon.com/images/I/A1RmEMcdj7L._SL1500_.jpg,https://images-na.ssl-images-amazon.com/images/I/81ljd7Y%2BliL._SL1500_.jpg,https://images-na.ssl-images-amazon.com/images/I/91pzK3H%2B5UL._SL1500_.jpg,https://images-na.ssl-images-amazon.com/images/I/815ixcHmB-L._SL1500_.jpg,https://images-na.ssl-images-amazon.com/images/I/91WlVCVZNQL._SL1500_.jpg,https://i.ebayimg.com/images/g/pCEAAOSwQjNW8tD8/s-l64.jpg,http://i.ebayimg.com/images/g/ll4AAOSwRjtZuOei/s-l64.jpg,https://www.barcodable.com/images/barcode/0841710107685.png,http://ecx.images-amazon.com/images/I/41aeyB-hJiL._SS40_.jpg,https://images-na.ssl-images-amazon.com/images/I/91tQ-trOzUL._SL1500_.jpg,https://images-na.ssl-images-amazon.com/images/I/91YOjLVgvmL._SL1500_.jpg,http://ecx.images-amazon.com/images/I/61chZadhpNL._SS40_.jpg,https://images-na.ssl-images-amazon.com/images/I/919PniM97eL._SL1500_.jpg,https://images-na.ssl-images-amazon.com/images/I/51f4TVyc9mL.jpg,https://images-na.ssl-images-amazon.com/images/I/919MimgBSyL._SL1500_.jpg,https://i.ebayimg.com/images/g/XPMAAOSwzvlW8tDy/s-l300.jpg"
AmazonBasics Backpack for Laptops up to 17-inches,"B00EEBS9O0,B01CHQHIJK","Portable Computer Accessories,Bags, Cases & Sleeves,Accessories,Computers & Accessories,Laptop Accessories,Electronics,Backpacks",Electronics,"https://images-na.ssl-images-amazon.com/images/I/81KBTBCJjxL._SL1500_.jpg,http://ecx.images-amazon.com/images/I/5177Lj2lMFL._SS40_.jpg,http://ecx.images-amazon.com/images/I/418s12RPslL._SS40_.jpg,https://images-na.ssl-images-amazon.com/images/I/81pSxDnk-IL._SL1500_.jpg,https://images-na.ssl-images-amazon.com/images/I/91kaprrJnvL._SL1500_.jpg,http://ecx.images-amazon.com/images/I/41Dfm-ifb9L._SS40_.jpg,http://ecx.images-amazon.com/images/I/5177Lj2lMFL._SY300_QL70_.jpg,https://images-na.ssl-images-amazon.com/images/I/91koVqsBMuL._SL1500_.jpg,https://images-na.ssl-images-amazon.com/images/I/91kTsNbl02L._SL1500_.jpg,https://images-na.ssl-images-amazon.com/images/I/916XgVrfzgL._SL1500_.jpg,https://images-na.ssl-images-amazon.com/images/I/81lrFqRwdBL._SL1500_.jpg,https://images-na.ssl-images-amazon.com/images/I/914gXUa4IHL._SL1500_.jpg,http://ecx.images-amazon.com/images/I/416mnrdSB0L._SS40_.jpg,http://ecx.images-amazon.com/images/I/51vsCF05ecL._SS40_.jpg,http://ecx.images-amazon.com/images/I/51%2525252B92oF-ReL._SS40_.jpg"
AmazonBasics 11.6-Inch Laptop Sleeve,"B01B66989K,B00CD8ADKO,B00LA9H6UM","Portable Computer Accessories,Bags, Cases & Sleeves,Accessories,Sleeves,Computers & Accessories,Laptop Accessories,Electronics,computers",Electronics,"https://images-na.ssl-images-amazon.com/images/I/81xGoFGB49L._SL1500_.jpg,https://images-na.ssl-images-amazon.com/images/I/71D6Onqq-YL._SL1500_.jpg,https://images-na.ssl-images-amazon.com/images/I/81uBipeELeL._SL1500_.jpg,https://images-na.ssl-images-amazon.com/images/I/71ixyMfIzTL._SL1208_.jpg,https://images-na.ssl-images-amazon.com/images/I/91zgRENFr8L._SL1500_.jpg,http://ecx.images-amazon.com/images/I/51Jx96mlB9L._SS40_.jpg,https://images-na.ssl-images-amazon.com/images/I/91VDw1Ry32L._SL1500_.jpg,https://images-na.ssl-images-amazon.com/images/I/71DCCHWN%2BZL._SL1500_.jpg,https://images-na.ssl-images-amazon.com/images/I/91xdlcYop%2BL._SL1500_.jpg,https://images-na.ssl-images-amazon.com/images/I/91dvHr1-QVL._SL1500_.jpg,https://images-na.ssl-images-amazon.com/images/I/61URuOuykJL._SL1500_.jpg,http://ecx.images-amazon.com/images/I/41q4XHrvYcL._SS40_.jpg,https://images-na.ssl-images-amazon.com/images/I/81s-orT5i9L._SL1500_.jpg,http://ecx.images-amazon.com/images/I/416hB63JUPL._SS40_.jpg,http://ecx.images-amazon.com/images/I/31Vpx9i%2BlXL._SS40_.jpg,http://ecx.images-amazon.com/images/I/41%2BBcZEipEL._SS40_.jpg,https://images-na.ssl-images-amazon.com/images/I/71xN4fTrT2L._SL1208_.jpg,https://images-na.ssl-images-amazon.com/images/I/81Yv00Jv1sL._SL1500_.jpg,http://ecx.images-amazon.com/images/I/311KFufveSL._SS40_PKmb-play-button-overlay-thumb_.jpg,https://images-na.ssl-images-amazon.com/images/I/914Q6%2BPocXL._SL1500_.jpg"
AmazonBasics 15.6-Inch Laptop and Tablet Bag,B00DUGZFWY,"Bags, Cases & Sleeves,Computers & Accessories,See more AmazonBasics 15.6 Inch Laptop And Tablet Bag -...,Electronics,Tablet Accessories,Accessories,Computers/Tablets & Networking,Messenger Bags,Bags,Laptop & Desktop Accessories,Laptop Cases & Bags,Laptop Accessories,Cases,computers,Backpacks",Electronics,"http://i.ebayimg.com/images/g/V9oAAOSwFGNWTa-h/s-l64.jpg,http://i.ebayimg.com/images/g/x5YAAOSwd0BV0Fo9/s-l64.jpg,http://ecx.images-amazon.com/images/I/41e4VOv7HHL._SS40_.jpg,http://i.ebayimg.com/images/g/V9oAAOSwFGNWTa-h/s-l300.jpg,https://images-na.ssl-images-amazon.com/images/I/91PNYEQZxUL._SL1500_.jpg,https://i.ebayimg.com/images/g/FZYAAOSw1URat5sl/s-l64.jpg,http://ecx.images-amazon.com/images/I/31KLHxtHDOL._SS40_.jpg,http://i.ebayimg.com/images/g/dEIAAOSwu4BV0Fo9/s-l64.jpg,http://i.ebayimg.com/images/g/9koAAOSwT6pV0Fo9/s-l64.jpg,https://i.ebayimg.com/images/g/6j4AAOSwpxFat5sl/s-l64.jpg,https://images-na.ssl-images-amazon.com/images/I/81IYUstMgJL._SL1500_.jpg,http://ecx.images-amazon.com/images/I/51JRWF7wIOL._SS40_.jpg,https://i.ebayimg.com/images/g/UsQAAOSwuGZat5sl/s-l64.jpg,https://images-na.ssl-images-amazon.com/images/I/81a92O-MAbL._SL1500_.jpg,https://i.ebayimg.com/images/g/ahsAAOSwWG5at5sl/s-l64.jpg,http://ecx.images-amazon.com/images/I/41nre2x2R2L._SS40_.jpg,http://ecx.images-amazon.com/images/I/51Rqwz-l7JL._SX300_QL70_.jpg,https://images-na.ssl-images-amazon.com/images/I/91Fm9%2BGVTcL._SL1500_.jpg,http://ecx.images-amazon.com/images/I/41Mg8C2SgEL._SS40_.jpg,https://images-na.ssl-images-amazon.com/images/I/91rH8xqDpTL._SL1500_.jpg,https://i.ebayimg.com/images/g/7Q8AAOSwQPtat5sl/s-l64.jpg,http://i.ebayimg.com/images/g/x5QAAOSwd0BV0Fo9/s-l64.jpg,https://i.ebayimg.com/images/g/jLwAAOSwLhBat5sl/s-l64.jpg,https://images-na.ssl-images-amazon.com/images/I/71MmEOo12cL._SL1500_.jpg,http://i.ebayimg.com/images/g/tJQAAOSwZd1Vbx8c/s-l300.jpg,https://images-na.ssl-images-amazon.com/images/I/81MER-nsThL._SL1500_.jpg,https://i.ebayimg.com/images/g/7Q8AAOSwQPtat5sl/s-l300.jpg,http://i.ebayimg.com/images/g/12wAAOSwyQtV0Fo-/s-l64.jpg,https://images-na.ssl-images-amazon.com/images/I/910jzFEjc1L._SL1500_.jpg,http://ecx.images-amazon.com/images/I/311KFufveSL._SS40_PKmb-play-button-overlay-thumb_.jpg"
AmazonBasics External Hard Drive Case,"B00F5CKWBA,B00KPQCWAU","Electronics Features,Drives, Storage & Blank Media,Hard Drive Pouches,Computers & Accessories,Computer Accessories & Peripherals,Hard Drive Accessories,Electronics,Computers Features,Personal Computer,Accessories,Hard Drive Bags Cases,Computers/Tablets & Networking,Drive Enclosures & Docks,Laptop & Desktop Accessories,Hard Drive Bags & Cases,Carrying Case Or Bag",Electronics,"https://images-na.ssl-images-amazon.com/images/I/81k4GJvEyUL._SL1500_.jpg,https://i.ebayimg.com/images/g/gV8AAOSw~odb~D4c/s-l64.jpg,https://images-na.ssl-images-amazon.com/images/I/91cG35r45AL._SL1500_.jpg,https://images-na.ssl-images-amazon.com/images/I/91SKPOVoyWL._SL1500_.jpg,https://i.ebayimg.com/thumbs/images/g/G6MAAOSwu3tcOsTI/s-l200.jpg,https://i.ebayimg.com/images/g/gkUAAOSwT-pb~D4c/s-l64.jpg,https://i.ebayimg.com/images/g/1VYAAOSw~xtcO6H5/s-l640.jpg,https://images-na.ssl-images-amazon.com/images/I/81VLfx9j%2BjL._SL1500_.jpg,https://i.ebayimg.com/thumbs/images/g/ERgAAOSwA3xcGJ6p/s-l200.jpg,https://i.ebayimg.com/images/g/oxQAAOSwvO9b~D4b/s-l300.jpg,https://i.ebayimg.com/thumbs/images/g/0ukAAOSwaudbV2Gm/s-l200.jpg"
Kindle PowerFast International Charging Kit (for accelerated charging in over 200 countries),B006GWO7UA,"Chargers & Adapters,Computers & Accessories,Fire Tablet Accessories,Electronics,Power Adapters & Cables,Amazon Tablet Accessory,Amazon Device Accessories,Digital Device Accessory,Tablet Accessories,Kindle Fire (2nd Generation) Accessories,Kindle Store,Power Adapters Cables,Amazon Devices,Chargers Adapters",Electronics,"https://images-na.ssl-images-amazon.com/images/I/41rtUlc6vmL._SS40_.jpg,https://images-na.ssl-images-amazon.com/images/I/61VKn5yKlTL._SL1500_.jpg,https://images-eu.ssl-images-amazon.com/images/I/412G8fzrYoL._SX300_QL70_.jpg,http://ecx.images-amazon.com/images/I/412G8fzrYoL._SX300_QL70_.jpg,https://images-na.ssl-images-amazon.com/images/I/618sz0jn6NL._SL1500_.jpg,https://images-na.ssl-images-amazon.com/images/I/61TozFK2WBL._SL1420_.jpg,https://images-na.ssl-images-amazon.com/images/I/61HW3l5qSWL._SL1418_.jpg,http://ecx.images-amazon.com/images/I/41M3n32T0SL._SS40_.jpg,https://images-na.ssl-images-amazon.com/images/I/412G8fzrYoL._SS40_.jpg,https://images-na.ssl-images-amazon.com/images/I/81YFNeUbIaL._SL1500_.jpg,https://images-na.ssl-images-amazon.com/images/I/61XewNekMCL._SL1466_.jpg,https://images-na.ssl-images-amazon.com/images/I/71jCcVj6IaL._SL1500_.jpg,http://ecx.images-amazon.com/images/I/41OM50ipXIL._SS40_.jpg,http://ecx.images-amazon.com/images/I/31hCfACDeGL._SS40_.jpg"
Amazon Kindle Charger Power Adapter Wall Charger And Usb Cable Micro Usb Cord,B006BGZJJ4,"Computers & Accessories,Computer Accessories & Peripherals,Electronics,Power Adapters & Cables,Amazon Book Reader Accessory,Digital Device Accessory,Cables & Interconnects,Tablet & eBook Reader Accs,Computers/Tablets & Networking,USB Cables,See more Amazon Kindle Fire 5-Feet Micro USB Cable - Wh...,Power Adapters Cables,Chargers & Sync Cables",Electronics,"https://i.ebayimg.com/images/g/VnQAAOSwhcJWIFzL/s-l64.jpg,https://i.ebayimg.com/thumbs/images/g/3MoAAOSwMdZbiM3d/s-l96.jpg,https://i.ebayimg.com/thumbs/images/g/MR8AAOSwMmBVonp6/s-l200.jpg,https://i.ebayimg.com/images/g/ZUYAAOSw~gRViOH-/s-l300.jpg,https://i.ebayimg.com/images/g/110AAOSw5ZBWIFzN/s-l64.jpg,https://i.ebayimg.com/thumbs/images/g/WJIAAOSw3bZcFouG/s-l200.jpg,https://i.ebayimg.com/thumbs/images/g/O2QAAOSwnfRcM4iD/s-l200.jpg,https://i.ebayimg.com/thumbs/images/g/i5sAAOSwTiVcLyx1/s-l200.jpg,https://i.ebayimg.com/images/g/ZUYAAOSw~gRViOH-/s-l64.jpg,https://i.ebayimg.com/thumbs/images/g/l7oAAOSwmUFb2byu/s-l200.jpg,https://i.ebayimg.com/images/g/0tEAAOSwLVZVyqyU/s-l64.jpg,https://i.ebayimg.com/thumbs/images/g/kTsAAOSwzJ5XYbP-/s-l96.jpg,https://i.ebayimg.com/images/g/BikAAOSwl9BWIFzO/s-l64.jpg,https://i.ebayimg.com/images/g/JZMAAOSwwbdWIFzP/s-l64.jpg,https://i.ebayimg.com/images/g/taIAAOSw~bFWIFzQ/s-l64.jpg,https://www.barcodable.com/images/barcode/0814916017355.png,https://images-na.ssl-images-amazon.com/images/I/31z7EGA-pxL.jpg,https://i.ebayimg.com/thumbs/images/g/PrYAAOSwVL1V-hdA/s-l96.jpg"
Amazon Echo (1st Generationcertified) Color:White Free Shipping,B00Y3QOH5G,"Amazon Echo,See more Amazon Echo (1st Generation) Smart Assistant -...,Smart Speakers,Smart Speaker & Hub Accessories,Electronics,Digital Device 3,Consumer Electronics,Home Audio & Home Theater,Smart Speakers, Hubs & Accessories,Amazon Home,Surveillance & Smart Home Electronics,Amazon,Voice-Enabled Smart Assistants,Home Audio Speakers",Electronics,"https://i.ebayimg.com/images/g/ukIAAOSwsQVZejHG/s-l64.jpg,https://i.ebayimg.com/thumbs/images/g/tOMAAOSw29JcAcf9/s-l200.jpg,https://i.ebayimg.com/thumbs/images/g/GIAAAOSwo3Fb6usz/s-l96.jpg,https://i.ebayimg.com/thumbs/images/g/y1gAAOSw3qRbu~Qz/s-l96.jpg,https://i.ebayimg.com/thumbs/images/g/-BkAAOSwOHpcKftx/s-l96.jpg,https://i.ebayimg.com/thumbs/images/g/vy8AAOSw9RdbK-~8/s-l200.jpg,https://i.ebayimg.com/thumbs/images/g/XacAAOSwhexb~SG4/s-l200.jpg,https://i.ebayimg.com/thumbs/images/g/f00AAOSwfgRcCYEV/s-l96.jpg,https://i.ebayimg.com/thumbs/images/g/MvAAAOSw3sNZeJUq/s-l96.jpg,https://i.ebayimg.com/images/g/k3MAAOSwvapcJvft/s-l640.jpg,https://i.ebayimg.com/images/g/CnwAAOSwXAxb7dtf/s-l64.jpg,https://i.ebayimg.com/thumbs/images/g/rn4AAOSwJclZnEnf/s-l200.jpg,https://i.ebayimg.com/thumbs/images/g/qU4AAOSwQH5cIdaS/s-l96.jpg,https://i.ebayimg.com/images/g/xVEAAOSwoEFcAv24/s-l64.png,https://i.ebayimg.com/images/g/KqoAAOSwUm5cG8XC/s-l64.jpg,https://i.ebayimg.com/thumbs/images/g/jWIAAOSwdHxbximx/s-l200.jpg,https://i.ebayimg.com/thumbs/images/g/YqIAAOSwzFxa~C9R/s-l200.jpg,https://i.ebayimg.com/images/g/VzUAAOSwPGtcEyL5/s-l64.jpg,https://i.ebayimg.com/thumbs/images/g/1IcAAOSwGTFaxip3/s-l200.jpg,https://i.ebayimg.com/thumbs/images/g/ALgAAOSwqnVb~uaM/s-l200.jpg,https://i.ebayimg.com/thumbs/images/g/YPUAAOSw5cNYcafn/s-l200.jpg,https://i.ebayimg.com/thumbs/images/g/7AsAAOSwup1byhlH/s-l200.jpg,https://i.ebayimg.com/images/g/Vl8AAOSw1T1b7dtM/s-l64.jpg,https://i.ebayimg.com/thumbs/images/g/CoAAAOSwrGFZk8cv/s-l96.jpg,https://i.ebayimg.com/thumbs/images/g/MdcAAOSwHI5bsSuC/s-l200.jpg,https://i.ebayimg.com/images/g/MF8AAOSwJ3VZejHG/s-l64.jpg,https://i.ebayimg.com/images/g/9W8AAOSwZfFZejHH/s-l64.jpg,https://i.ebayimg.com/thumbs/images/g/GyIAAOSwpCFcZb0x/s-l96.jpg,https://i.ebayimg.com/images/g/pDQAAOSwG1Vb7dtO/s-l64.jpg,https://i.ebayimg.com/thumbs/images/g/zzwAAOSwr7ZW8XTt/s-l96.jpg,https://i.ebayimg.com/thumbs/images/g/BTAAAOSwD2tb6tJF/s-l200.jpg,https://i.ebayimg.com/thumbs/images/g/Y5QAAOSwzCtcDWUT/s-l200.jpg,https://i.ebayimg.com/thumbs/images/g/6QEAAOSwbetbvqGe/s-l200.jpg,https://i.ebayimg.com/thumbs/images/g/jTkAAOSwQwRb3gFf/s-l96.jpg,https://i.ebayimg.com/thumbs/images/g/89IAAOSw~QhbpoLM/s-l96.jpg,https://i.ebayimg.com/images/g/xVEAAOSwoEFcAv24/s-l300.png,https://i.ebayimg.com/thumbs/images/g/zzwAAOSwr7ZW8XTt/s-l200.jpg,https://www.barcodable.com/images/barcode/0848719080438.png,https://i.ebayimg.com/thumbs/images/g/5ZUAAOSwALBb3lds/s-l200.jpg,https://i.ebayimg.com/thumbs/images/g/dtAAAOSwgq9bkA5B/s-l200.jpg,https://i.ebayimg.com/thumbs/images/g/IWIAAOSw0d1cF1Pj/s-l200.jpg,https://i.ebayimg.com/images/g/29AAAOSwC45b7dsS/s-l64.jpg,https://i.ebayimg.com/thumbs/images/g/CwoAAOSwl1FcU0hh/s-l96.jpg,https://i.ebayimg.com/thumbs/images/g/jEsAAOSwXItb9s80/s-l200.jpg,https://i.ebayimg.com/thumbs/images/g/2aAAAOSwUWBaumc6/s-l200.jpg,https://i.ebayimg.com/thumbs/images/g/IkMAAOSwPfhbkV8F/s-l200.jpg,https://i.ebayimg.com/images/g/bLMAAOSwtgZb7dsV/s-l64.jpg,https://i.ebayimg.com/thumbs/images/g/VLYAAOSwtRlbibIl/s-l96.jpg,https://i.ebayimg.com/thumbs/images/g/fosAAOSwpLVcNVgz/s-l96.jpg,https://i.ebayimg.com/images/g/BNMAAOSwcRZbjQcc/s-l64.jpg,https://i.ebayimg.com/thumbs/images/g/R1gAAOSwCMtae5s-/s-l200.jpg,https://i.ebayimg.com/images/g/JvcAAOSwDLVbhcHI/s-l640.jpg,https://i.ebayimg.com/images/g/vYwAAOSwwkRcG8XK/s-l64.jpg,https://i.ebayimg.com/images/g/j9MAAOSwYUZcG8W5/s-l300.jpg,https://i.ebayimg.com/thumbs/images/g/j9MAAOSwYUZcG8W5/s-l96.jpg,https://i.ebayimg.com/thumbs/images/g/KGQAAOSwC9hcClul/s-l200.jpg,https://i.ebayimg.com/images/g/FQAAAOSwHSdcB~RJ/s-l64.jpg,https://i.ebayimg.com/thumbs/images/g/QzsAAOSwu3dbsSlT/s-l96.jpg,https://i.ebayimg.com/images/g/QI8AAOSw6jJcEyL0/s-l300.jpg,https://i.ebayimg.com/thumbs/images/g/CgcAAOSwkjFalDxj/s-l96.jpg,https://i.ebayimg.com/images/g/uvoAAOSwqj9bjQcb/s-l64.jpg,https://i.ebayimg.com/00/s/NTAwWDUwMA==/z/g5kAAOSwxYxUuA5s/$_10.JPG?set_11.JPG?set_id=807,https://i.ebayimg.com/thumbs/images/g/Z7AAAOSwIAJcEHJg/s-l200.jpg,https://i.ebayimg.com/thumbs/images/g/0fAAAOSwQ5pb9EGB/s-l200.jpg,https://i.ebayimg.com/images/g/748AAOSwus5cAv21/s-l64.png,https://i.ebayimg.com/images/g/j9MAAOSwYUZcG8W5/s-l64.jpg,https://i.ebayimg.com/thumbs/images/g/zUAAAOSw~D5cEyQL/s-l200.jpg,https://i.ebayimg.com/images/g/Vm0AAOSwqS5b7dtK/s-l64.jpg,https://i.ebayimg.com/thumbs/images/g/O98AAOSwhX5b6zP0/s-l96.jpg,https://i.ebayimg.com/thumbs/images/g/e9QAAOSwj91cMSKT/s-l200.jpg,https://i.ebayimg.com/thumbs/images/g/MxsAAOSwxtVcTvrl/s-l96.jpg,https://images-na.ssl-images-amazon.com/images/I/41-v1fozy0L.jpg,https://i.ebayimg.com/thumbs/images/g/xVEAAOSwoEFcAv24/s-l96.jpg,https://i.ebayimg.com/thumbs/images/g/rBYAAOSwk1haHtdf/s-l96.jpg,https://i.ebayimg.com/images/g/xvUAAOSwZ1hb7dtQ/s-l64.jpg"
Amazon Tap Smart Assistant Alexaenabled (black) Brand New,B01BH83OOM,"Amazon Echo,Home Theater & Audio,MP3 MP4 Player Accessories,Smart Speakers,Electronics,Portable Audio,Compact Radios Stereos,Smart Hubs & Wireless Routers,Featured Brands,Smart Home & Connected Living,Home Security,Kindle Store,Electronic Components,Home Automation,Smart Speakers, Hubs & Accessories,Mobile Bluetooth Speakers,Home, Garage & Office,Amazon Tap,Home,Mobile Speakers,TVs & Electronics,Portable Bluetooth Speakers,Bluetooth & Wireless Speakers,Electronics Features,TV, Video & Home Audio,Frys,Media Streamers,Speakers,Mobile,Digital Device 3,Consumer Electronics,Smart Home,Home Improvement,Electronics, Tech Toys, Movies, Music,Smart Home & Home Automation Devices,Smart Hubs,MP3 Player Accessories,Home Safety & Security,Voice Assistants,Amazon Home,Alarms & Sensors,Surveillance & Smart Home Electronics,Portable Audio & Electronics,Amazon Devices,Audio,Bluetooth Speakers,MP3 Accessories,All Bluetooth & Wireless Speakers",Electronics,"https://i.ebayimg.com/images/g/tnUAAOSwESdcftGe/s-l64.jpg,https://pisces.bbystatic.com/image2/BestBuy_US/images/products/5097/5097300cv11d.jpg,https://pisces.bbystatic.com/image2/BestBuy_US/exc/videometadata/thumbnail/277d07e138ab7e484a9451f3ba4eed92.jpg,https://i.ebayimg.com/images/g/1zkAAOSwFlJcSnmU/s-l64.jpg,https://i.ebayimg.com/images/g/NxcAAOSwnHZYXbid/s-l64.jpg,https://i.ebayimg.com/images/g/GjMAAOSwpvRcftGj/s-l300.jpg,https://i.ebayimg.com/images/g/RI0AAOSwcaZciVY3/s-l64.jpg,https://i.ebayimg.com/images/g/OEcAAOSwqoxcSohL/s-l64.jpg,http://images.frys.com/art/product/box_shots/8805312.box.GIF,https://i.ebayimg.com/00/$T2eC16N,!zEE9s3!Won3BRRflFKboQ~~_10.JPG?set_11.JPG?set_id=807,https://i.ebayimg.com/images/g/V-sAAOSwcY5cftGf/s-l64.jpg,https://i.ebayimg.com/images/g/wh0AAOSw5wNcTTge/s-l64.jpg,https://i.ebayimg.com/images/g/AZ8AAOSwO7dciVY5/s-l64.jpg,https://i.ebayimg.com/images/g/oiEAAOSw~D5cSnmR/s-l64.jpg,https://i.ebayimg.com/images/g/NxcAAOSwnHZYXbid/s-l300.jpg,https://i.ebayimg.com/images/g/l~AAAOSw9TVcTTgg/s-l64.jpg,https://i.ebayimg.com/images/g/jtAAAOSw5xhcSnma/s-l300.png,https://www.upccodesearch.com/images/barcode/0841667107929.png,https://i.ebayimg.com/images/g/ze0AAOSwhV5cSnmS/s-l64.jpg,https://i.ebayimg.com/images/g/1XQAAOSwu3ZcSohi/s-l64.jpg,https://images-na.ssl-images-amazon.com/images/I/51beahPXzNL.jpg,https://pisces.bbystatic.com/image2/BestBuy_US/images/products/5097/5097300cv13d.jpg,http://www.homedepot.com/catalog/productImages/300/a4/a40b14ef-5dc9-4cb0-95d8-d962e600eaca_300.jpg,https://images-na.ssl-images-amazon.com/images/I/71Y9WlYwFaL._SL1000_.jpg,https://pisces.bbystatic.com/image2/BestBuy_US/exc/videometadata/thumbnail/a598f133f767a50c65f04fff04fb2bdc.jpg,https://static.bhphoto.com/images/images500x500/amazon_b01bh83oom_tap_1461249832000_1244749.jpg,https://i.ebayimg.com/images/g/veQAAOSwF7lcSnmX/s-l64.jpg,https://i.ebayimg.com/images/g/GjMAAOSwpvRcftGj/s-l64.jpg,https://images-na.ssl-images-amazon.com/images/I/615tXSzVaIL._SL1000_.jpg,http://www.toysrus.com/images/tru_hdrLogo.gif/graphics/product_images/pTRU1-24097325reg.jpg,https://pisces.bbystatic.com/image2/BestBuy_US/images/products/5097/5097300_sd.jpg,https://i.ebayimg.com/images/g/VFgAAOSwImRYXbgh/s-l64.jpg,https://i.ebayimg.com/images/g/NzUAAOSwnHZYXbif/s-l64.jpg,https://pisces.bbystatic.com/image2/BestBuy_US/images/products/5097/5097300cv14d.jpg,https://i.ebayimg.com/images/g/hpIAAOSwAopcTTga/s-l64.jpg,https://i.ebayimg.com/images/g/pMkAAOSwyrlcftGh/s-l64.jpg,https://images-na.ssl-images-amazon.com/images/I/71PyqJS46OL._SL1000_.jpg,https://i.ebayimg.com/images/g/c10AAOSwnKlcSnmW/s-l64.jpg,https://i.ebayimg.com/images/g/wh0AAOSw5wNcTTge/s-l300.jpg,https://i.ebayimg.com/images/g/SHsAAOSwPYRcTTgf/s-l64.jpg,https://i.ebayimg.com/images/g/1yUAAOSw9kNciVY4/s-l64.jpg,https://pisces.bbystatic.com/image2/BestBuy_US/exc/videometadata/thumbnail/c51a4052131147db5379f6aee593f6dc.jpg,https://i.ebayimg.com/images/g/AZ8AAOSwO7dciVY5/s-l300.jpg,https://i.ebayimg.com/images/g/jtAAAOSw5xhcSnma/s-l64.png,https://i.ebayimg.com/images/g/bJkAAOSwQM1cSohV/s-l64.jpg,https://pisces.bbystatic.com/image2/BestBuy_US/images/products/5097/5097300cv15d.jpg,https://i.ebayimg.com/images/g/UMEAAOSwxtVcTTgd/s-l64.jpg,https://images-na.ssl-images-amazon.com/images/I/61w7H6cIV4L._SL1000_.jpg,https://pisces.bbystatic.com/image2/BestBuy_US/images/products/5097/5097300_sa.jpg,https://www.barcodable.com/images/barcode/0841667107929.png,https://i.ebayimg.com/00/s/MzcyWDEwNzg=/z/RWUAAOSwL5BZvIZm/$_10.JPG?set_11.JPG?set_id=807,https://pisces.bbystatic.com/image2/BestBuy_US/images/products/5097/5097300cv12d.jpg"
"All-New Kindle E-reader - Black, 6"" Glare-Free Touchscreen Display, Wi-Fi - Includes Special Offers",B00ZV9PXP2,"Computers,Electronics Features,EBook Readers,Tablets,Electronics,Amazon Ereaders,iPad & Tablets,Kindle E-readers,iPad Accessories,Used:Tablets,E-Readers,E-Readers & Accessories,Computers/Tablets & Networking,Used:Computers Accessories,iPads Tablets,All Tablets,Tablets & E-readers,Amazon Book Reader,Computers & Tablets,Amazon,Tablets & eBook Readers",Electronics,"https://c1.neweggimages.com/NeweggImage/ProductImage/A3FA_1_201801081360871160.jpg,https://c1.neweggimages.com/NeweggImage/ProductImage/A3FA_1_20171002572786117.jpg,https://www.barcodable.com/images/barcode/0848719083774.png,https://images-na.ssl-images-amazon.com/images/I/51hrdzXLUHL.jpg,https://c1.neweggimages.com/NeweggImage/ProductImage/A3FA_1_20180108629568651.jpg,https://c1.neweggimages.com/NeweggImage/ProductImage/A3FA_1_2018010811247540.jpg"
AmazonBasics USB 3.0 Cable - A-Male to B-Male - 6 Feet (1.8 Meters),"B00NH144GK,B00LA9H1E8","Accessories,USB Cables,Computers & Accessories,Computer Accessories & Peripherals,Electronics,Cables,Cables & Interconnects",Electronics,"http://ecx.images-amazon.com/images/I/41gYR5yRhGL._SS40_.jpg,https://images-na.ssl-images-amazon.com/images/I/81UaZP1cm5L._SL1500_.jpg,http://ecx.images-amazon.com/images/I/41M-LfOVpxL._SS40_.jpg,https://images-na.ssl-images-amazon.com/images/I/91L64MyjNuL._SL1500_.jpg,https://images-na.ssl-images-amazon.com/images/I/71Q7FksAbBL._SL1440_.jpg,http://ecx.images-amazon.com/images/I/51DblXv0YNL._SS40_.jpg,https://images-na.ssl-images-amazon.com/images/I/71fX9dOjj4L._SL1500_.jpg,http://ecx.images-amazon.com/images/I/311KFufveSL._SS40_PKmb-play-button-overlay-thumb_.jpg,https://images-na.ssl-images-amazon.com/images/I/51ajqjMk6hL._SL1091_.jpg"
Oem Amazon Kindle Power Usb Adapter Wall Travel Charger Fire/dx/+micro Usb Cable,B00BGIQS1A,"Tablet & eBook Reader Accs,Consumer Electronics,Computers/Tablets & Networking,eBook Readers & Accessories,Electronics,Amazon Book Reader Accessory,Amazon Device Accessories,Other Multipurpose Batteries,Chargers & Sync Cables,Digital Device Accessory,Power Adapters",Electronics,"http://ecx.images-amazon.com/images/I/41kxB7YTubL._SX38_SY50_CR%252C0%252C0%252C38%252C50_.jpg,https://i.ebayimg.com/thumbs/images/g/EX4AAOSw3GVbSwQN/s-l96.jpg,https://www.barcodable.com/images/barcode/0848719015249.png,https://i.ebayimg.com/thumbs/images/g/5egAAOSwZVlXvPuw/s-l200.jpg,https://i.ebayimg.com/thumbs/images/g/Ct8AAOSw3ydViN23/s-l200.jpg,https://i.ebayimg.com/thumbs/images/g/kTsAAOSwzJ5XYbP-/s-l96.jpg,https://i.ebayimg.com/thumbs/images/g/pz8AAOSw87JcUcll/s-l200.jpg,http://i.ebayimg.com/images/g/nhYAAOSw42JZEfDN/s-l64.jpg,https://i.ebayimg.com/thumbs/images/g/PfoAAOSwWKtUtzDZ/s-l200.jpg,https://i.ebayimg.com/thumbs/images/g/pz8AAOSw87JcUcll/s-l96.jpg,https://i.ebayimg.com/images/g/xqwAAOSwNuxXYZHY/s-l64.jpg,https://i.ebayimg.com/thumbs/images/g/64EAAOSwXeJYICuI/s-l200.jpg,https://i.ebayimg.com/images/g/1-gAAOSwM4xXYZHW/s-l64.jpg,https://i.ebayimg.com/thumbs/images/g/64EAAOSwXeJYICuI/s-l96.jpg,https://i.ebayimg.com/images/g/FtEAAOSwdGZcPp9i/s-l640.jpg,http://ecx.images-amazon.com/images/I/41GwFye-wcL._SX342_QL70_.jpg,https://i.ebayimg.com/thumbs/images/g/ZUYAAOSw~gRViOH-/s-l200.jpg,https://images-na.ssl-images-amazon.com/images/I/41GwFye-wcL.jpg,https://i.ebayimg.com/images/g/xgYAAOSwNuxXYZHU/s-l64.jpg,http://i.ebayimg.com/thumbs/images/g/0YIAAOxyItRTcTTr/s-l96.jpg,https://i.ebayimg.com/thumbs/images/g/RPgAAOSwuIRbiMzh/s-l96.jpg,https://images-na.ssl-images-amazon.com/images/I/7176kOw9a6L._SL1500_.jpg,https://i.ebayimg.com/images/g/kTsAAOSwzJ5XYbP-/s-l300.jpg,https://i.ebayimg.com/thumbs/images/g/SwkAAOSwzrxUtA34/s-l96.jpg,https://i.ebayimg.com/thumbs/images/g/PrYAAOSwVL1V-hdA/s-l96.jpg,https://i.ebayimg.com/images/g/kTsAAOSwzJ5XYbP-/s-l64.jpg"
AmazonBasics 16-Gauge Speaker Wire - 100 Feet,B006LW0W5Y,"Audio & Video Accessories,AmazonBasics,Car Audio & Video Installation,Electronics Features,Speaker Cables,Wired Headsets & Speakers,Audio Cables,Electronics,Speakers,Cable Or Adapter,Cables & Interconnects,Consumer Electronics,Cases & Covers,Power & Speaker Wire,Accessories & Supplies,Vehicle Electronics & GPS",Electronics,"https://images-na.ssl-images-amazon.com/images/I/61Y7TUtlv0L._SL1500_.jpg,https://images-na.ssl-images-amazon.com/images/I/71W0XNJD2fL._SL1232_.jpg,https://images-na.ssl-images-amazon.com/images/I/81lF6bASo-L._SL1500_.jpg,https://i.ebayimg.com/images/g/CqcAAOSwniVcFFmC/s-l64.jpg,https://i.ebayimg.com/thumbs/images/g/oicAAOSw3WxZ6y-q/s-l96.jpg,https://i.ebayimg.com/thumbs/images/g/8RwAAOSw0oBZwjBs/s-l96.jpg,https://i.ebayimg.com/thumbs/images/g/OCgAAOSwKEhbo7yg/s-l200.jpg,https://i.ebayimg.com/thumbs/images/g/rH0AAOSwyXVbazuv/s-l200.jpg,https://images-na.ssl-images-amazon.com/images/I/71W%2BToGTpzL._SL1500_.jpg,https://i.ebayimg.com/thumbs/images/g/0lAAAOSwqiJcL9gX/s-l96.jpg,https://i.ebayimg.com/images/g/GDAAAOSw8iZcNmYT/s-l64.png,https://i.ebayimg.com/thumbs/images/g/B84AAOSwMgdX0dMr/s-l96.jpg,https://i.ebayimg.com/thumbs/images/g/DswAAOSwOgdY0Ro0/s-l200.jpg,https://i.ebayimg.com/thumbs/images/g/~O0AAOSw0IBcXCrt/s-l96.jpg,https://i.ebayimg.com/thumbs/images/g/8w8AAOSwXIFcZVC9/s-l96.jpg,https://i.ebayimg.com/images/g/hz8AAOSwE~ZcNmYU/s-l64.png,https://www.barcodable.com/images/barcode/0841710104486.png,https://i.ebayimg.com/thumbs/images/g/mK4AAOSw8adcXIxm/s-l200.jpg,https://i.ebayimg.com/images/g/AFIAAOSw76lcNmYU/s-l64.png,https://i.ebayimg.com/images/g/McQAAOSwQT9cNmYU/s-l64.png,https://i.ebayimg.com/thumbs/images/g/4VwAAOSwq4VbO4Mz/s-l200.jpg,https://i.ebayimg.com/images/g/CqcAAOSwniVcFFmC/s-l300.jpg,https://i.ebayimg.com/thumbs/images/g/5t8AAOSw5UFcL1d~/s-l200.jpg,https://i.ebayimg.com/thumbs/images/g/vNcAAOSwMHdXRmFs/s-l200.jpg,https://images-na.ssl-images-amazon.com/images/I/51nHodxMogL.jpg,https://i.ebayimg.com/thumbs/images/g/TUMAAOSwVYhcFzHd/s-l200.jpg,https://i.ebayimg.com/images/g/yeEAAOSwSudcFFmE/s-l64.jpg,https://i.ebayimg.com/thumbs/images/g/UEMAAOSwiJhb230V/s-l96.jpg,https://i.ebayimg.com/images/g/swQAAOSwnCdcNmYU/s-l64.png,https://i.ebayimg.com/images/g/AckAAOSw0xtcNmYU/s-l64.png,https://i.ebayimg.com/thumbs/images/g/KiAAAOSwXY5ZXjqW/s-l200.jpg,https://i.ebayimg.com/thumbs/images/g/ttgAAOxy83JRHWW9/s-l96.jpg,https://i.ebayimg.com/images/g/AQwAAOSwC~9cNmYU/s-l64.png,https://i.ebayimg.com/images/g/PiIAAOSwhrpcNmYU/s-l64.png,https://i.ebayimg.com/images/g/FVQAAOSwzwVcFFmG/s-l64.jpg,https://i.ebayimg.com/images/g/kMcAAOSwyUFcNmYU/s-l64.png,https://i.ebayimg.com/thumbs/images/g/IuIAAOSwhOdXo-AN/s-l96.jpg,https://i.ebayimg.com/images/g/McQAAOSwQT9cNmYU/s-l300.png,https://i.ebayimg.com/images/g/X3wAAOSwBMpcFFmJ/s-l64.jpg,https://i.ebayimg.com/images/g/gsAAAOSwveFcNmYU/s-l64.png,https://i.ebayimg.com/images/g/Mp4AAOSwgadcNmYU/s-l64.png,https://i.ebayimg.com/thumbs/images/g/oGkAAOSw6GJZ72XK/s-l200.jpg,https://i.ebayimg.com/images/g/ZQMAAOSwl7dcNmYU/s-l64.png"
Amazon Echo (2nd Generation) Smart Assistant Oak Finish Priority Shipping,B0751RGYJV,"Amazon Echo,Smart Speakers,Electronics,Digital Device 3,Home Audio & Home Theater,Consumer Electronics,Smart Home,Smart Speakers, Hubs & Accessories,Voice Assistants,Amazon Home,Surveillance & Smart Home Electronics,Amazon,Home Audio Speakers",Electronics,"https://c1.neweggimages.com/NeweggImage/ProductImage/A6V6_131515751158589007Sw4fHGyEeD.jpg,https://i.ebayimg.com/images/g/fAgAAOSwjwZcAcgF/s-l64.jpg,https://i.ebayimg.com/images/g/tOMAAOSw29JcAcf9/s-l64.jpg,https://i.ebayimg.com/images/g/6iYAAOSwZ1hcAcfz/s-l64.jpg,https://c1.neweggimages.com/NeweggImage/ProductImage/A6V6_1315157511446461712hh1TN015A.jpg,https://www.barcodable.com/images/barcode/0841667179889.png,https://pisces.bbystatic.com/image2/BestBuy_US/images/products/6130/6130003cv14d.jpg,https://images-na.ssl-images-amazon.com/images/I/513UF72uNoL.jpg,https://pisces.bbystatic.com/image2/BestBuy_US/images/products/6130/6130003cv11d.jpg,https://i.ebayimg.com/images/g/tOMAAOSw29JcAcf9/s-l300.jpg,https://pisces.bbystatic.com/image2/BestBuy_US/exc/videometadata/thumbnail/8440270fca1959192c35bf242ee28069.jpg,https://c1.neweggimages.com/NeweggImage/ProductImage/A6V6_131515751171189630JqI4tVeivC.jpg,https://pisces.bbystatic.com/image2/BestBuy_US/images/products/6130/6130003cv15d.jpg"
"Kindle Voyage E-reader, 6 High-Resolution Display (300 ppi) with Adaptive Built-in Light, PagePress Sensors, Wi-Fi - Includes Special Offers",B00IOY8XWQ,"eBook Readers,Electronics Features,Walmart for Business,Tablets,See more Amazon Kindle Voyage (Wi-Fi),Electronics,Amazon Ereaders,Office Electronics,iPad & Tablets,Kindle E-readers,E-Readers & Accessories,All Tablets,See more Amazon Kindle Voyage 4GB, Wi-Fi  3G (Unlocked...,Amazon Book Reader,Computers & Tablets",Electronics,"https://images-na.ssl-images-amazon.com/images/I/516rQPAm4FL.jpg,https://www.barcodable.com/images/barcode/0848719040104.png"
Certified Refurbished Amazon Echo,B01GAGYVU2,"Consumer Electronics,Amazon Echo,Smart Speakers, Hubs & Accessories,Smart Speakers,Amazon Home,Surveillance & Smart Home Electronics,Digital Device 3",Electronics,"https://i.ebayimg.com/thumbs/images/g/gWwAAOSwbKdb3hjg/s-l200.jpg,https://www.barcodable.com/images/barcode/0841667115337.png,https://i.ebayimg.com/thumbs/images/g/2aAAAOSwUWBaumc6/s-l200.jpg,https://i.ebayimg.com/images/g/kvYAAOSwYNZau5Qk/s-l64.jpg,https://i.ebayimg.com/thumbs/images/g/2aAAAOSwUWBaumc6/s-l96.jpg,https://i.ebayimg.com/thumbs/images/g/dkUAAOSw8DpcFyL-/s-l96.jpg,https://i.ebayimg.com/00/$T2eC16N,!zEE9s3!Won3BRRflFKboQ~~_10.JPG?set_11.JPG?set_id=807,https://i.ebayimg.com/thumbs/images/g/29AAAOSwC45b7dsS/s-l200.jpg,https://i.ebayimg.com/thumbs/images/g/rn4AAOSwJclZnEnf/s-l200.jpg,https://i.ebayimg.com/thumbs/images/g/T~kAAOSw2hxcHF3c/s-l200.jpg,https://i.ebayimg.com/thumbs/images/g/ShkAAOSwyDFbDmxr/s-l200.jpg,https://i.ebayimg.com/thumbs/images/g/SIQAAOSwi6dcU9-e/s-l96.jpg,https://i.ebayimg.com/images/g/TcAAAOSwR7lau5Qj/s-l64.jpg,https://i.ebayimg.com/thumbs/images/g/1IcAAOSwGTFaxip3/s-l200.jpg,https://i.ebayimg.com/thumbs/images/g/AQEAAOSwOZtbOuM8/s-l200.jpg,https://i.ebayimg.com/thumbs/images/g/HPoAAOSwq6VcCjyU/s-l200.jpg,https://i.ebayimg.com/thumbs/images/g/kQ0AAOSwKSlcPYjY/s-l96.jpg,https://i.ebayimg.com/thumbs/images/g/OpwAAOSwqaNcW1~X/s-l96.jpg,https://i.ebayimg.com/thumbs/images/g/sa4AAOSwtutcJulD/s-l200.jpg,https://i.ebayimg.com/images/g/BHkAAOSwAWtau5Qi/s-l64.jpg,https://i.ebayimg.com/thumbs/images/g/87YAAOSwPrtcFxtB/s-l96.jpg,https://i.ebayimg.com/thumbs/images/g/xy8AAOSw1IhcJsks/s-l96.jpg,https://i.ebayimg.com/thumbs/images/g/bwQAAOSwdrdcVI4Y/s-l96.jpg,https://i.ebayimg.com/thumbs/images/g/sPgAAOSwwrlcY6tG/s-l200.jpg,https://i.ebayimg.com/thumbs/images/g/AH0AAOSwfphagiMk/s-l200.jpg,https://i.ebayimg.com/images/g/TcAAAOSwR7lau5Qj/s-l300.jpg,https://images-na.ssl-images-amazon.com/images/I/41KR41NgCWL.jpg"
"All-New Fire HD 8 Tablet, 8 HD Display, Wi-Fi, 16 GB - Includes Special Offers, Black","B018SZT3BK,B01AHB9CN2","Fire Tablets,Computers/Tablets & Networking,Electronics Features,Tablets,All Tablets,Amazon Tablets,Computers & Tablets,Electronics,iPad & Tablets,Tablets & eBook Readers",Electronics,"http://i.ebayimg.com/thumbs/images/g/9DAAAOSwE2tZcUga/s-l96.jpg,https://www.barcodable.com/images/barcode/0841667103037.png,https://images-na.ssl-images-amazon.com/images/I/41cBfKaDorL.jpg,https://www.barcodable.com/images/barcode/0841667104676.png,https://images-na.ssl-images-amazon.com/images/I/41s%2BdChJj1L.jpg,https://i.ebayimg.com/thumbs/images/g/mGIAAOSwgjFZubF-/s-l96.jpg,http://i.ebayimg.com/thumbs/images/g/rBoAAOSw3QpZbny7/s-l200.jpg,http://i.ebayimg.com/images/g/e4UAAOSwEzxYNxm~/s-l64.jpg,http://i.ebayimg.com/images/g/o74AAOSwB09YJrMY/s-l64.jpg"
"All-New Fire HD 8 Tablet, 8 HD Display, Wi-Fi, 32 GB - Includes Special Offers, Magenta",B01AHB9CYG,"Fire Tablets,Computers,Tablets,All Tablets,Amazon Tablets,Computer Components,Electronics,Hard Drives & Storage,Computers & Tablets",Electronics,"https://i5.walmartimages.com/asr/40d47665-8d37-4a99-9128-c9a276bc6f9b_1.d234cba82f626452f8f12fd0c3c21fdd.jpeg?odnHeight=450&odnWidth=450&odnBg=FFFFFF,https://i5.walmartimages.com/asr/0b3b55a4-1ea9-4e15-80f9-e8a46acbbe04_1.22222411ee9999f8b714404c7d29f0c8.jpeg?odnHeight=450&odnWidth=450&odnBg=FFFFFF,https://images-na.ssl-images-amazon.com/images/I/41s%2BdChJj1L.jpg,http://pisces.bbystatic.com/image2/BestBuy_US/images/products/5620/5620408_sa.jpg,https://i5.walmartimages.com/asr/a8018a68-d2e4-4908-ac51-463025087cbf_1.1484fa4a32d93ba2737c9d240bf57f30.jpeg?odnHeight=450&odnWidth=450&odnBg=FFFFFF,https://pisces.bbystatic.com/image2/BestBuy_US/images/products/5620/5620408_sa.jpg,https://www.barcodable.com/images/barcode/0841667104690.png,http://pisces.bbystatic.com/image2/BestBuy_US/images/products/5620/5620408_sd.jpg,https://i5.walmartimages.com/asr/f702e1c7-c287-4291-a983-ae043acd32f1_1.6f9ad44d0b202900863bf08f65007125.jpeg?odnHeight=450&odnWidth=450&odnBg=FFFFFF"
"All-New Fire HD 8 Tablet, 8 HD Display, Wi-Fi, 32 GB - Includes Special Offers, Black",B01ACEKAJY,"Fire Tablets,Computers/Tablets & Networking,Tablets,All Tablets,Amazon Tablets,Computers & Tablets,Other Computers & Networking",Electronics,"https://images-na.ssl-images-amazon.com/images/I/41cBfKaDorL.jpg,https://www.barcodable.com/images/barcode/0841667104591.png,https://www.upccodesearch.com/images/barcode/0841667104591.png,http://i.ebayimg.com/thumbs/images/g/AFcAAOSw5UZY-N2N/s-l96.jpg,http://i.ebayimg.com/thumbs/images/g/ghkAAOSwvihY~WcQ/s-l96.jpg,http://i.ebayimg.com/images/g/DhYAAOSwXXxZSAs6/s-l64.jpg,http://i.ebayimg.com/thumbs/images/g/mcUAAOSwgv5ZSFr8/s-l96.jpg,http://i.ebayimg.com/images/g/~jcAAOSw8GtZSAsf/s-l64.jpg,http://i.ebayimg.com/thumbs/images/g/ID4AAOSwbtVZSXHA/s-l96.jpg"
"Kindle Oasis E-reader with Leather Charging Cover - Black, 6 High-Resolution Display (300 ppi), Wi-Fi - Includes Special Offers",B00REQKWGA,"eBook Readers,E-Readers & Accessories,Electronics Features,Amazon Book Reader,Computers & Tablets,Amazon Ereaders,Kindle E-readers,E-Readers",Electronics,"https://pisces.bbystatic.com/image2/BestBuy_US/images/products/5195/5195001_sd.jpg,https://images-na.ssl-images-amazon.com/images/I/51j3qkKUdVL.jpg,https://www.barcodable.com/images/barcode/0848719057331.png"
"All-New Fire 7 Tablet with Alexa, 7"" Display, 8 GB - Marine Blue",B01IO618J8,"Fire Tablets,Computers/Tablets & Networking,Android Tablets,Tablets,All Tablets,Amazon Tablets,Electronics,Computers & Tablets,iPad & Tablets,Amazon,Tablets & eBook Readers,Tablets & E-Readers",Electronics,"https://images-na.ssl-images-amazon.com/images/I/51cB8NpbxdL.jpg,https://c1.neweggimages.com/NeweggImage/ProductImage/A6V6_131420302801582112TeJmbk9U1v.jpg,https://c1.neweggimages.com/NeweggImage/ProductImage/A6V6_131420305669131864TJqwI6KixM.jpg,https://www.barcodable.com/images/barcode/0841667119694.png,https://c1.neweggimages.com/NeweggImage/ProductImage/A6V6_131420306564907894YdRS8XnBEn.jpg,https://c1.neweggimages.com/NeweggImage/ProductImage/A6V6_131420307448184461rMSnkvUa9J.jpg"
"Fire Tablet, 7 Display, Wi-Fi, 16 GB - Includes Special Offers, Black",B018Y22BI4,"Fire Tablets,Computers/Tablets & Networking,Tablets,All Tablets,Amazon Tablets,Frys,Computers & Tablets,Tablets & eBook Readers",Electronics,"http://i.ebayimg.com/thumbs/images/g/amcAAOSw6ShZSpke/s-l200.jpg,http://i.ebayimg.com/thumbs/images/g/PJgAAOSwiDFYPE8h/s-l200.jpg,http://i.ebayimg.com/thumbs/images/g/TPQAAOSwHb9Zcih6/s-l96.jpg,http://i.ebayimg.com/thumbs/images/g/J4EAAOSw4CFYnSS8/s-l200.jpg,http://i.ebayimg.com/thumbs/images/g/LFQAAOSw1BlZWfTe/s-l200.jpg,http://images.frys.com/art/product/box_shots/8819902.box.GIF,http://i.ebayimg.com/thumbs/images/g/KO8AAOSw8GtZUbHj/s-l200.jpg,http://i.ebayimg.com/thumbs/images/g/fIMAAOSwlMFZN7Zq/s-l200.jpg,http://i.ebayimg.com/thumbs/images/g/pKEAAOSwi8VZTtga/s-l200.jpg,http://i.ebayimg.com/thumbs/images/g/3MIAAOSwol5Y4W6z/s-l200.jpg,http://pisces.bbystatic.com/image2/BestBuy_US/images/products/5023/5023200_sa.jpg,http://i.ebayimg.com/thumbs/images/g/44sAAOSwtxZZi196/s-l96.jpg,http://i.ebayimg.com/thumbs/images/g/KO8AAOSw8GtZUbHj/s-l96.jpg,http://i.ebayimg.com/thumbs/images/g/rMMAAOSwV0RXthRc/s-l200.jpg,https://www.upccodesearch.com/images/barcode/0841667103129.png,http://i.ebayimg.com/thumbs/images/g/wZ8AAOSwSj1Zg-sH/s-l200.jpg,http://i.ebayimg.com/00/$T2eC16N,!zEE9s3!Won3BRRflFKboQ~~_10.JPG?set_11.JPG?set_id=807,https://i.ebayimg.com/images/g/SjEAAOSwjk9ZScfU/s-l300.jpg,http://i.ebayimg.com/thumbs/images/g/cqIAAOSwnKFYRroI/s-l200.jpg,http://i.ebayimg.com/thumbs/images/g/tBEAAOSwzhRZjjTn/s-l96.jpg,http://pisces.bbystatic.com/image2/BestBuy_US/images/products/5023/5023200_sd.jpg,http://i.ebayimg.com/thumbs/images/g/LFQAAOSw1BlZWfTe/s-l96.jpg,http://i.ebayimg.com/images/g/hWIAAOSwLzdWRhvY/s-l300.jpg,https://www.barcodable.com/images/barcode/0841667103129.png,http://i.ebayimg.com/thumbs/images/g/pv0AAOSw-29ZOWxy/s-l200.jpg,https://i.ebayimg.com/images/g/sVAAAOSwH6tZjNVW/s-l300.jpg,https://images-na.ssl-images-amazon.com/images/I/41FYkVPzrIL.jpg,http://i.ebayimg.com/thumbs/images/g/WK0AAOSwZKBZLvz8/s-l200.jpg,http://i.ebayimg.com/thumbs/images/g/ZuEAAOSwKflZN~k0/s-l200.jpg,http://i.ebayimg.com/thumbs/images/g/Kn4AAOSwjKFZOVeE/s-l200.jpg"
"All-New Fire HD 8 Tablet, 8 HD Display, Wi-Fi, 16 GB - Includes Special Offers, Blue",B01AHBBG04,"Fire Tablets,Tablets,All Tablets,Amazon Tablets",Electronics,"https://www.upccodesearch.com/images/barcode/0841667105758.png,http://pisces.bbystatic.com/image2/BestBuy_US/images/products/5620/5620400_sa.jpg,https://www.barcodable.com/images/barcode/0841667105758.png,https://images-na.ssl-images-amazon.com/images/I/41tT2OwuMsL.jpg"
"All-New Fire HD 8 Tablet, 8 HD Display, Wi-Fi, 32 GB - Includes Special Offers, Blue",B01AHBDCKQ,"Fire Tablets,Tablets,All Tablets,Amazon Tablets,Computers & Tablets",Electronics,"https://pisces.bbystatic.com/image2/BestBuy_US/images/products/5620/5620404_sa.jpg,https://images-na.ssl-images-amazon.com/images/I/41tT2OwuMsL.jpg,https://www.barcodable.com/images/barcode/0841667106373.png,https://www.upccodesearch.com/images/barcode/0841667106373.png"
"Amazon Fire HD 8 with Alexa (8"" HD Display Tablet)",B01J94SWWU,"Fire Tablets,Computers/Tablets & Networking,Tablets,All Tablets,Amazon Tablets,Computers & Tablets,Electronics,Amazon,Tablets & eBook Readers,Tablets & E-Readers",Electronics,"https://i.ebayimg.com/thumbs/images/g/j0MAAOSwBqZcGam9/s-l96.jpg,https://c1.neweggimages.com/NeweggImage/ProductImage/A6V6_131417514184915989lreK3rmFrz.jpg,https://i.ebayimg.com/images/g/-M4AAOSwqo5bhzEq/s-l64.jpg,https://images-na.ssl-images-amazon.com/images/I/51cAPzeEGPL.jpg,https://i.ebayimg.com/thumbs/images/g/fsQAAOSwhvFZKnAo/s-l96.jpg,https://i.ebayimg.com/thumbs/images/g/VAoAAOSw8mpbImYK/s-l96.jpg,https://target.scene7.com/is/image/Target/GUEST_77c0d0f4-202e-4410-a22d-622de41e94f0,https://i.ebayimg.com/thumbs/images/g/J4oAAOSwj85YNaKU/s-l200.jpg,https://i.ebayimg.com/thumbs/images/g/1VEAAOSwdPBbqqZ5/s-l96.jpg,https://i.ebayimg.com/thumbs/images/g/-ksAAOSwIqxcSHy6/s-l96.jpg,https://i.ebayimg.com/images/g/mSwAAOSwJK9bhzEr/s-l64.jpg,https://i.ebayimg.com/thumbs/images/g/HiUAAOSwvERcRegp/s-l96.jpg,https://c1.neweggimages.com/NeweggImage/ProductImage/A1CZ_1_201706221407545828.jpg,https://i.ebayimg.com/thumbs/images/g/uCEAAOSweq5auRtn/s-l96.jpg,https://i.ebayimg.com/images/g/-M4AAOSwqo5bhzEq/s-l300.jpg,https://i.ebayimg.com/thumbs/images/g/0gUAAOSwCVtbzzvy/s-l96.jpg,https://i.ebayimg.com/thumbs/images/g/FHwAAOSwWwVa6buu/s-l96.jpg,https://i.ebayimg.com/thumbs/images/g/oq0AAOSw2FdbbAKy/s-l200.jpg,https://www.barcodable.com/images/barcode/0841667123295.png,https://target.scene7.com/is/image/Target/GUEST_303512bb-bca7-4bcb-8f3f-5ffd1fee20f7,https://target.scene7.com/is/image/Target/GUEST_bc115257-5897-4cc7-acd0-160c3efe9b6b"
"All-New Fire HD 8 Kids Edition Tablet, 8 HD Display, 32 GB, Pink Kid-Proof Case",B01J94SCAM,"Fire Tablets,Tablets,Amazon Tablets,Computers & Tablets,Kids' Tablets",Electronics,"https://www.barcodable.com/images/barcode/0841667123172.png,https://images-na.ssl-images-amazon.com/images/I/517uiryHAKL.jpg"
"All-New Fire HD 8 Kids Edition Tablet, 8 HD Display, 32 GB, Blue Kid-Proof Case",B01J94SBEY,"Fire Tablets,Computers/Tablets & Networking,Walmart for Business,Tablets,Amazon Tablets,Tablets & E-readers,Kids' Tablets,Electronics,Computers & Tablets,Office Electronics,Amazon,Tablets & eBook Readers",Electronics,"https://c1.neweggimages.com/NeweggImage/ProductImage/A22F_1_20180302397289271.jpg,https://pisces.bbystatic.com/image2/BestBuy_US/images/products/5836/5836203cv11d.jpg,https://images-na.ssl-images-amazon.com/images/I/51J60GKlFyL.jpg,https://pisces.bbystatic.com/image2/BestBuy_US/images/products/5836/5836203cv12d.jpg,https://www.barcodable.com/images/barcode/0841667123134.png,http://i.ebayimg.com/thumbs/images/g/UmkAAOSwRvdZaEsy/s-l96.jpg"
"All-New Fire HD 8 Tablet with Alexa, 8 HD Display, 16 GB, Marine Blue - with Special Offers",B01J94YIT6,"Fire Tablets,Tablets,All Tablets,Amazon Tablets,Computers & Tablets",Electronics,"https://pisces.bbystatic.com/image2/BestBuy_US/images/products/5871/5871311_bd.jpg,https://images-na.ssl-images-amazon.com/images/I/517HBfAZqUL.jpg,https://www.barcodable.com/images/barcode/0841667123851.png"
"All-New Fire HD 8 Tablet with Alexa, 8 HD Display, 32 GB, Marine Blue - with Special Offers",B01J94T1Z2,"Fire Tablets,Computers/Tablets & Networking,Tablets,All Tablets,Amazon Tablets,Computers & Tablets,Electronics,Amazon,Tablets & eBook Readers",Electronics,"https://images-na.ssl-images-amazon.com/images/I/517HBfAZqUL.jpg,https://www.barcodable.com/images/barcode/0841667123493.png"
"Fire Tablet with Alexa, 7 Display, 16 GB, Magenta - with Special Offers",B018Y224PY,"Fire Tablets,Android Tablets,Tablets,All Tablets,Amazon Tablets,Electronics,Computers & Tablets,iPad & Tablets",Electronics,"https://pisces.bbystatic.com/image2/BestBuy_US/images/products/5025/5025900_rd.jpg,https://images-na.ssl-images-amazon.com/images/I/510i3yBUrsL.jpg,https://pisces.bbystatic.com/image2/BestBuy_US/images/products/5025/5025900_ra.jpg,https://www.barcodable.com/images/barcode/0841667103150.png,http://pisces.bbystatic.com/image2/BestBuy_US/images/products/5025/5025900_ra.jpg,https://i5.walmartimages.com/asr/094b2009-5bdb-4da8-9810-ae857ebdbd13_1.88efee2e55796400736ea9e399114e9b.jpeg?odnHeight=450&odnWidth=450&odnBg=FFFFFF"
Echo Dot (Previous generation),B00VKTZFB4,"Consumer Electronics,Amazon Echo,Electronics Features,MP3 MP4 Player Accessories,Amazon Home,Voice-Enabled Smart Assistants,Digital Device 3",Electronics,"http://i.ebayimg.com/thumbs/images/g/3-4AAOSwWxNY0Lnp/s-l96.jpg,http://i.ebayimg.com/images/g/eN8AAOSwacdZbnrJ/s-l64.jpg,http://i.ebayimg.com/thumbs/images/g/GUMAAOSw32lYo-Dh/s-l96.jpg,http://i.ebayimg.com/images/g/mlEAAOSwjqVZC4-~/s-l64.jpg,http://i.ebayimg.com/thumbs/images/g/-GMAAOSwjRpZSEIN/s-l96.jpg,http://i.ebayimg.com/thumbs/images/g/Ma0AAOSwImRYR0wQ/s-l96.jpg,http://i.ebayimg.com/thumbs/images/g/CxkAAOSw44BYSZhk/s-l96.jpg,https://i.ebayimg.com/images/g/eUUAAOSwf~9ZaXJ7/s-l300.jpg,https://www.barcodable.com/images/barcode/0848719064001.png,https://i.ebayimg.com/images/g/dbEAAOSw-9RZbnrL/s-l300.jpg,https://i.ebayimg.com/images/g/B6AAAOSwpP9Y67JI/s-l300.jpg,http://i.ebayimg.com/thumbs/images/g/~g8AAOSwOuRZtcTZ/s-l96.jpg,http://i.ebayimg.com/thumbs/images/g/We8AAOSwIhxZa3GF/s-l96.jpg,http://i.ebayimg.com/thumbs/images/g/WqgAAOSw9~5ZUI2e/s-l96.jpg,http://i.ebayimg.com/thumbs/images/g/xvcAAOSwYlRZIFm5/s-l96.jpg,http://i.ebayimg.com/thumbs/images/g/Gt0AAOSwkttZY753/s-l96.jpg,http://i.ebayimg.com/thumbs/images/g/MJAAAOSw2DFZqm8z/s-l200.jpg,http://i.ebayimg.com/images/g/ZD0AAOSw-0xYahDe/s-l64.jpg,http://i.ebayimg.com/images/g/W7MAAOSwpONZQUlG/s-l300.jpg,http://i.ebayimg.com/images/g/dbEAAOSw-9RZbnrL/s-l64.jpg,http://i.ebayimg.com/thumbs/images/g/aEgAAOSwrf1ZZ~6h/s-l96.jpg,http://i.ebayimg.com/thumbs/images/g/dKUAAOSwHLNZUg9Z/s-l96.jpg,https://i.ebayimg.com/images/g/I24AAOSw7GRZC4-~/s-l300.jpg,http://i.ebayimg.com/thumbs/images/g/g4QAAOSw~rpZTLUq/s-l96.jpg,http://i.ebayimg.com/thumbs/images/g/xa0AAOSwJ4hY9kbd/s-l96.jpg,http://i.ebayimg.com/thumbs/images/g/L5sAAOSw32lY0I9a/s-l96.jpg,http://i.ebayimg.com/thumbs/images/g/C6cAAOSwouNZxaAy/s-l96.jpg,http://i.ebayimg.com/thumbs/images/g/6SIAAOSwd~RZVFEj/s-l96.jpg,https://i.ebayimg.com/images/g/on4AAOSwOgdYsODQ/s-l300.jpg,http://i.ebayimg.com/thumbs/images/g/G1MAAOSwbIRZbBO3/s-l96.jpg,http://i.ebayimg.com/thumbs/images/g/2rEAAOSw4YJZYPCX/s-l96.jpg,http://i.ebayimg.com/images/g/EKYAAOSwvjdZQUlM/s-l64.jpg,http://i.ebayimg.com/thumbs/images/g/jDcAAOSw8d5ZVpUb/s-l96.jpg,https://i.ebayimg.com/images/g/WOoAAOSwK-pZtgFI/s-l300.jpg,http://i.ebayimg.com/images/g/I14AAOSw7GRZC4-~/s-l64.jpg,http://i.ebayimg.com/thumbs/images/g/5IgAAOSw-0xYVd1Z/s-l96.jpg,http://i.ebayimg.com/thumbs/images/g/dlUAAOSwq~tZTC78/s-l96.jpg,https://images-na.ssl-images-amazon.com/images/I/41PVykFApDL.jpg,http://i.ebayimg.com/thumbs/images/g/hCkAAOSwhfxZbntL/s-l96.jpg,http://i.ebayimg.com/images/g/lQQAAOSwZQRYahDk/s-l64.jpg,http://i.ebayimg.com/thumbs/images/g/2ScAAOSwfpVZHmVT/s-l96.jpg,http://i.ebayimg.com/thumbs/images/g/WPkAAOSwa51Za6lr/s-l96.jpg,http://i.ebayimg.com/images/g/eUUAAOSwf~9ZaXJ7/s-l64.jpg,http://i.ebayimg.com/thumbs/images/g/rK8AAOSw-0xYR6yX/s-l96.jpg,http://i.ebayimg.com/images/g/Co0AAOSw0TxZaW~B/s-l64.jpg,http://i.ebayimg.com/thumbs/images/g/mQoAAOSwUKxYa2G3/s-l96.jpg,http://i.ebayimg.com/thumbs/images/g/vp4AAOSwPCVX6jor/s-l200.jpg,http://i.ebayimg.com/images/g/P6cAAOSw3~tZbnrL/s-l64.jpg,http://i.ebayimg.com/thumbs/images/g/VQ4AAOSwne9ZkMk~/s-l96.jpg,http://i.ebayimg.com/thumbs/images/g/FiAAAOSw-3FZDUdn/s-l96.jpg,http://i.ebayimg.com/thumbs/images/g/b1cAAOSwAPVZHyH3/s-l96.jpg,http://i.ebayimg.com/thumbs/images/g/KFcAAOSwbElZbntI/s-l96.jpg,http://i.ebayimg.com/thumbs/images/g/z~IAAOSwY71ZqBdo/s-l200.jpg,http://i.ebayimg.com/images/g/8s4AAOSwd3dZaW~D/s-l64.jpg,http://i.ebayimg.com/thumbs/images/g/gjAAAOSw6ShZP2e3/s-l96.jpg,http://i.ebayimg.com/images/g/N4gAAOSwB-1Y67JX/s-l64.jpg,https://i.ebayimg.com/images/g/W7MAAOSwpONZQUlG/s-l300.jpg,http://i.ebayimg.com/thumbs/images/g/35AAAOSwfJJZaUgw/s-l96.jpg,http://i.ebayimg.com/thumbs/images/g/zj4AAOSwPK1ZTFVh/s-l96.jpg,http://i.ebayimg.com/thumbs/images/g/rK8AAOSw-0xYR6yX/s-l200.jpg,http://i.ebayimg.com/thumbs/images/g/OJIAAOSwlMFZGeF7/s-l96.jpg,http://i.ebayimg.com/thumbs/images/g/N~EAAOSw241YjQna/s-l96.jpg,http://i.ebayimg.com/thumbs/images/g/eOAAAOSwT5xZT1WT/s-l96.jpg,http://i.ebayimg.com/images/g/mUUAAOSw03lY67JK/s-l64.jpg,http://i.ebayimg.com/thumbs/images/g/SWgAAOSwidlZZ8tQ/s-l96.jpg,http://i.ebayimg.com/thumbs/images/g/1rAAAOSwJJRZryHT/s-l200.jpg,http://i.ebayimg.com/00/z/TdUAAOSwY45UNONC/$_10.png,http://i.ebayimg.com/thumbs/images/g/18oAAOSwNRdX2UbC/s-l96.jpg,http://i.ebayimg.com/thumbs/images/g/BdQAAOSwjRpZULcN/s-l96.jpg,http://i.ebayimg.com/images/g/XCQAAOSwt5hYahDg/s-l64.jpg,http://i.ebayimg.com/images/g/on4AAOSwOgdYsODQ/s-l64.jpg,http://i.ebayimg.com/thumbs/images/g/YbYAAOSwDrNZPttj/s-l96.jpg,http://i.ebayimg.com/images/g/5i4AAOSw~e5ZQUlO/s-l64.jpg,http://i.ebayimg.com/thumbs/images/g/ZEAAAOSw5cNYL7sg/s-l200.jpg,http://i.ebayimg.com/thumbs/images/g/IrgAAOSwnK9ZW40U/s-l96.jpg,http://i.ebayimg.com/images/g/on4AAOSwOgdYsODQ/s-l300.jpg,http://i.ebayimg.com/images/g/rGIAAOSwc-tY67JZ/s-l64.jpg,http://i.ebayimg.com/thumbs/images/g/dZcAAOSw~e5ZSFd7/s-l96.jpg,https://i.ebayimg.com/images/g/GNAAAOSw1g9ZmuJJ/s-l300.jpg,http://i.ebayimg.com/images/g/B8oAAOSwo4pYahDh/s-l64.jpg,http://i.ebayimg.com/thumbs/images/g/WGcAAOSw7GRZEmZD/s-l96.jpg,http://i.ebayimg.com/thumbs/images/g/sOkAAOSwZ0NZb~N7/s-l96.jpg"
"Fire Tablet with Alexa, 7 Display, 16 GB, Blue - with Special Offers",B018Y225IA,"Fire Tablets,Computers/Tablets & Networking,Tablets,All Tablets,Amazon Tablets,Computers & Tablets,Tablets & eBook Readers",Electronics,"https://images-na.ssl-images-amazon.com/images/I/51hm-VMUIlL.jpg,http://i.ebayimg.com/images/g/MXAAAOSwOVpXasFp/s-l300.jpg,http://i.ebayimg.com/thumbs/images/g/HWMAAOSwbsBXkrg0/s-l200.jpg,http://i.ebayimg.com/thumbs/images/g/ROEAAOSwP0RXh9xy/s-l200.jpg,http://i.ebayimg.com/images/g/DxIAAOSwD5ZZ1-Gu/s-l64.jpg,https://www.barcodable.com/images/barcode/0841667103143.png,http://i.ebayimg.com/thumbs/images/g/2t4AAOSwNRdX7G3Q/s-l200.jpg,https://pisces.bbystatic.com/image2/BestBuy_US/images/products/5025/5025500_sa.jpg,https://i.ebayimg.com/thumbs/images/g/c-oAAOSwI7tZ2Rhd/s-l96.jpg,http://pisces.bbystatic.com/image2/BestBuy_US/images/products/5025/5025500_sa.jpg,https://i.ebayimg.com/images/g/PmgAAOSw8OJZ1-Gg/s-l300.jpg,http://i.ebayimg.com/thumbs/images/g/GAIAAOSwsTxXiKii/s-l200.jpg,http://i.ebayimg.com/images/g/OFYAAOSwqfpZ1-Gm/s-l64.jpg,https://i.ebayimg.com/thumbs/images/g/~PgAAOSwPC5ZyXDh/s-l96.jpg,https://pisces.bbystatic.com/image2/BestBuy_US/images/products/5025/5025500_sd.jpg,http://i.ebayimg.com/images/g/T4oAAOSw5ShZ1-G0/s-l64.jpg,http://i.ebayimg.com/images/g/Yh0AAOSwKE9Z1-HD/s-l64.jpg"
"Fire Kids Edition Tablet, 7 Display, Wi-Fi, 16 GB, Blue Kid-Proof Case",B018Y22C2Y,"Computers,Fire Tablets,Electronics Features,Computer Accessories,Tablets,Top Rated,Amazon Tablets,Electronics,Kids' Tablets,iPad & Tablets,Cases & Bags,Electronics, Tech Toys, Movies, Music,Computers & Tablets",Electronics,"https://pisces.bbystatic.com/image2/BestBuy_US/images/products/5026/5026000_sd.jpg,http://static.bhphoto.com/images/multiple_images/thumbnails/1462202036000_IMG_621524.jpg,https://i5.walmartimages.com/asr/8d86520e-e3f0-4aad-ac61-a0fab7f1a615_1.3007ecfa1b2b224191d40e85b0afa876.jpeg?odnHeight=450&odnWidth=450&odnBg=FFFFFF,https://pisces.bbystatic.com/image2/BestBuy_US/images/products/5026/5026000_sa.jpg,https://i5.walmartimages.com/asr/6e9dc010-6a31-4c16-8259-4c99fd90296a_1.c7aa7fbd98d25dc39499c5f4f98c40e3.jpeg?odnHeight=450&odnWidth=450&odnBg=FFFFFF,https://www.barcodable.com/images/barcode/0841667103389.png,https://images-na.ssl-images-amazon.com/images/I/519fu1sKs%2BL.jpg"
"Fire HD 8 Tablet with Alexa, 8 HD Display, 32 GB, Tangerine - with Special Offers",B01AHB9C1E,"Fire Tablets,Tablets,All Tablets,Amazon Tablets,Computers & Tablets",Electronics,"https://images-na.ssl-images-amazon.com/images/I/41iTiDa9yXL.jpg,https://pisces.bbystatic.com/image2/BestBuy_US/images/products/5620/5620411_sa.jpg,https://pisces.bbystatic.com/image2/BestBuy_US/images/products/5620/5620411_sd.jpg,http://pisces.bbystatic.com/image2/BestBuy_US/images/products/5620/5620411_sa.jpg,https://www.barcodable.com/images/barcode/0841667104577.png"
"Fire Kids Edition Tablet, 7 Display, Wi-Fi, 16 GB, Green Kid-Proof Case",B018Y23MNM,"Fire Tablets,Tablets,All Tablets,Amazon Tablets,Computers & Tablets",Electronics,"https://images-na.ssl-images-amazon.com/images/I/51W8LjHWQ0L.jpg,http://pisces.bbystatic.com/image2/BestBuy_US/images/products/5026/5026300_sa.jpg,https://www.barcodable.com/images/barcode/0841667103402.png,https://pisces.bbystatic.com/image2/BestBuy_US/images/products/5026/5026300_sd.jpg,http://pisces.bbystatic.com/image2/BestBuy_US/images/products/5026/5026300_sd.jpg,https://pisces.bbystatic.com/image2/BestBuy_US/images/products/5026/5026300_sa.jpg,https://www.upccodesearch.com/images/barcode/0841667103402.png"
Amazon Fire TV Gaming Edition Streaming Media Player,B00XNQECFM,"Amazon SMP,Electronics Features,Kids & Family,TV, Video & Home Audio,Frys,Digital Device 4,Consumer Electronics,Kids Family,Video Games,Internet & Media Streamers,Streaming Media Players,Fire TV,Home Audio,Consoles",Electronics,"http://static.bhphoto.com/images/images500x500/amazon_b00xnqecfm_fire_tv_gaming_edition_1444682135000_1187817.jpg,http://i.ebayimg.com/thumbs/images/g/oJUAAOSwe09ZmLsC/s-l96.jpg,https://images-na.ssl-images-amazon.com/images/I/41UPG%2BL94nL.jpg,http://static.bhphoto.com/images/multiple_images/thumbnails/1444682740000_IMG_539839.jpg,http://static.bhphoto.com/images/smallimages/1444682135000_1187817.jpg,http://i.ebayimg.com/images/g/2tIAAOSwLmZZsCL6/s-l64.jpg,https://www.barcodable.com/images/barcode/0848719080346.png,http://i.ebayimg.com/images/g/-dQAAOSwm-pZsCMZ/s-l64.jpg,http://i.ebayimg.com/images/g/5IIAAOSw2AFZsCMY/s-l64.jpg,http://i.ebayimg.com/thumbs/images/g/cvMAAOSw3uBZstBr/s-l96.jpg,https://www.upccodesearch.com/images/barcode/0848719080346.png,http://static.bhphoto.com/images/multiple_images/thumbnails/1444682740000_IMG_539840.jpg,http://images.frys.com/art/product/box_shots/8647920.box.GIF,http://i.ebayimg.com/thumbs/images/g/hmUAAOSw9DVZszIn/s-l96.jpg,http://static.bhphoto.com/images/multiple_images/thumbnails/1444682740000_IMG_539842.jpg"
Certified Refurbished Amazon Fire TV with Alexa Voice Remote,B00UH4D8G2,"Amazon SMP,Categories,Streaming Media Players,Electronics,Fire TV,Digital Device 4",Electronics,"https://www.upccodesearch.com/images/barcode/0848719063264.png,https://www.barcodable.com/images/barcode/0848719063264.png,https://images-na.ssl-images-amazon.com/images/I/31n8Yr4q69L.jpg"
AmazonBasics Bluetooth Keyboard for Android Devices - Black,B005OOKNP4,"Electronics Features,Computers & Accessories,Computer Accessories & Peripherals,Keyboards,Electronics,Amazon Device Accessories,Digital Device Accessory,Keyboards, Mice & Accessories,Tablet Accessories,14701001",Electronics,"http://ecx.images-amazon.com/images/I/41PnK8s8XYL._SS40_.jpg,https://www.barcodable.com/images/barcode/0841710104455.png,https://images-na.ssl-images-amazon.com/images/I/91sNPP0sf9L._SL1500_.jpg,https://images-na.ssl-images-amazon.com/images/I/81LGg8SKYjL._SL1500_.jpg,https://images-na.ssl-images-amazon.com/images/I/61Qeuh8Kw3L._SL1500_.jpg,http://ecx.images-amazon.com/images/I/41DO8WNZD1L._SS40_.jpg,http://ecx.images-amazon.com/images/I/41oueQmzgDL._SS40_.jpg,http://ecx.images-amazon.com/images/I/31cX3AwEKsL._SS40_.jpg,https://www.upccodesearch.com/images/barcode/0841710104455.png,https://images-na.ssl-images-amazon.com/images/I/41PnK8s8XYL.jpg,http://ecx.images-amazon.com/images/I/31TXznVsEHL._SX38_SY50_CR%252C0%252C0%252C38%252C50_.jpg,https://images-na.ssl-images-amazon.com/images/I/91znJIyl2jL._SL1500_.jpg,http://ecx.images-amazon.com/images/I/41hIJfr5t%25252BL._SX38_SY50_CR%252C0%252C0%252C38%252C50_.jpg,http://ecx.images-amazon.com/images/I/41DO8WNZD1L._SX38_SY50_CR%252C0%252C0%252C38%252C50_.jpg,http://ecx.images-amazon.com/images/I/41oueQmzgDL._SX38_SY50_CR%252C0%252C0%252C38%252C50_.jpg"
Amazon Kindle Replacement Power Adapter (Fits Latest Generation Kindle and Kindle DX) For shipment in the U.S only,B001NIZB5M,"Computers & Accessories,Electronics,Amazon Device Accessories,Digital Device Accessory,Abis Electronics,Tablet Accessories,Power Adapters",Electronics,"https://images-na.ssl-images-amazon.com/images/I/71Q5qZpl4wS._SL1500_.jpg,https://www.barcodable.com/images/barcode/0892685001164.png,https://images-na.ssl-images-amazon.com/images/I/41gtB3JrBoL.jpg,https://images-na.ssl-images-amazon.com/images/I/71wyuz8xxJL._SL1500_.jpg,https://images-na.ssl-images-amazon.com/images/I/71an9wCe5zL._SL1500_.jpg"
"Fire HD 8 Tablet with Alexa, 8 HD Display, 16 GB, Tangerine - with Special Offers",B018T075DC,"Fire Tablets,Tablets,All Tablets,Amazon Tablets,Genuine Tablet Accessories,Computers & Tablets,Electronics,Amazon",Electronics,"https://www.upccodesearch.com/images/barcode/0841667103068.png,https://c1.neweggimages.com/NeweggImage/ProductImage/ACVB_1_201806061563426908.jpg,http://pisces.bbystatic.com/image2/BestBuy_US/images/products/5620/5620410_sd.jpg,https://images-na.ssl-images-amazon.com/images/I/41iTiDa9yXL.jpg,https://pisces.bbystatic.com/image2/BestBuy_US/images/products/5620/5620410_sa.jpg,https://pisces.bbystatic.com/image2/BestBuy_US/images/products/5620/5620410_sd.jpg,https://www.barcodable.com/images/barcode/0841667103068.png,https://c1.neweggimages.com/NeweggImage/ProductImage/ACVB_1_201806061902017755.jpg,https://c1.neweggimages.com/NeweggImage/ProductImage/ACVB_1_201806061380665288.jpg"
AmazonBasics Silicone Hot Handle Cover/Holder - Red,B01L7XWEQQ,"Home & Garden,Oven Mitts & Potholders,Kitchen, Dining & Bar,Cookware,Kitchen,Home & Kitchen,Cookware Accessories,Linens & Textiles,Kitchen & Dining",Home & Garden,"https://images-na.ssl-images-amazon.com/images/I/61guuf1RPlL._SL1182_.jpg,https://www.barcodable.com/images/barcode/0841710155549.png,https://images-na.ssl-images-amazon.com/images/I/61X7e4tuD5L._SL1500_.jpg,https://i.ebayimg.com/thumbs/images/g/NBgAAOSwUMxaSwPo/s-l96.jpg,https://i.ebayimg.com/images/g/pycAAOSwoVNaBsFJ/s-l64.jpg,https://i.ebayimg.com/images/g/NNUAAOSwP4FaBsFG/s-l64.jpg,https://i.ebayimg.com/images/g/q4cAAOSweZJaBsFK/s-l300.jpg,https://images-na.ssl-images-amazon.com/images/I/513%25252BkD7VS1L._SL1500_.jpg,https://images-na.ssl-images-amazon.com/images/I/71x4uAjSulL._SL1500_.jpg,https://images-na.ssl-images-amazon.com/images/I/513%252BkD7VS1L._SL1500_.jpg,https://i.ebayimg.com/thumbs/images/g/m58AAOSw2kZZbXaO/s-l96.jpg,https://images-na.ssl-images-amazon.com/images/I/315xZI9OsQL.jpg,https://images-na.ssl-images-amazon.com/images/I/513%2BkD7VS1L._SL1500_.jpg,https://images-na.ssl-images-amazon.com/images/I/51OuRVZnQ0L._SL1500_.jpg,https://i.ebayimg.com/thumbs/images/g/9QUAAOSw8R9amxJn/s-l96.jpg,https://i.ebayimg.com/images/g/n5QAAOSwa3BaBsFC/s-l64.jpg,https://images-na.ssl-images-amazon.com/images/I/81yxZHS4YJL._SL1500_.jpg,https://i.ebayimg.com/images/g/q4cAAOSweZJaBsFK/s-l64.jpg"
"All-new Echo (2nd Generation) with improved sound, powered by Dolby, and a new design Walnut Finish",B0752151W6,"Amazon Echo,Smart Speakers,Electronics,Digital Device 3,Home Audio & Home Theater,Consumer Electronics,Smart Home,Smart Speakers, Hubs & Accessories,Voice Assistants,Amazon Home,Surveillance & Smart Home Electronics,Amazon,Home Audio Speakers","Electronics,Furniture","https://i.ebayimg.com/thumbs/images/g/tOMAAOSw29JcAcf9/s-l200.jpg,https://i.ebayimg.com/thumbs/images/g/GTIAAOSwZ~lZsqjx/s-l200.jpg,https://i.ebayimg.com/images/g/9mMAAOSwYVFZ4yQu/s-l300.jpg,https://i.ebayimg.com/thumbs/images/g/zkIAAOSw87lcDAG4/s-l200.jpg,https://i.ebayimg.com/thumbs/images/g/k8MAAOSwKEFbo~JB/s-l96.jpg,https://pisces.bbystatic.com/image2/BestBuy_US/images/products/6130/6130002cv14d.jpg,https://i.ebayimg.com/thumbs/images/g/ZY8AAOSwO1pbQ7KP/s-l96.jpg,https://c1.neweggimages.com/NeweggImage/ProductImage/A6V6_1315157780955693703rqUh9mbi9.jpg,https://i.ebayimg.com/thumbs/images/g/vzcAAOSwpLNX9B~X/s-l200.jpg,https://pisces.bbystatic.com/image2/BestBuy_US/images/products/6130/6130002cv13d.jpg,https://i.ebayimg.com/thumbs/images/g/kb8AAOSw~VBcALgK/s-l96.jpg,https://i.ebayimg.com/images/g/ANAAAOSwkXFcAce9/s-l300.jpg,https://www.barcodable.com/images/barcode/0841667187037.png,https://i.ebayimg.com/thumbs/images/g/XiMAAOSw4gxbMUBO/s-l200.jpg,https://images-na.ssl-images-amazon.com/images/I/4132uGk9KEL.jpg,https://pisces.bbystatic.com/image2/BestBuy_US/images/products/6130/6130002_sd.jpg,https://i.ebayimg.com/thumbs/images/g/1IcAAOSwGTFaxip3/s-l200.jpg,https://pisces.bbystatic.com/image2/BestBuy_US/images/products/6130/6130002cv12d.jpg,https://i.ebayimg.com/thumbs/images/g/cvgAAOSwfLJa62Im/s-l200.jpg,https://i.ebayimg.com/thumbs/images/g/ZAwAAOSwa~BYULGO/s-l200.jpg,https://i.ebayimg.com/images/g/NmsAAOSw4Y1cJVSu/s-l640.jpg"
AmazonBasics Nespresso Pod Storage Drawer - 50 Capsule Capacity,B010RLCH2U,"Home & Garden,Kitchen Storage & Organization,Kitchen, Dining & Bar,Kitchen & Dining Features,Food Storage,Racks & Holders,Kitchen & Dining,Home Kitchen Features,Home & Kitchen Features,Home & Kitchen,Kitchen,Coffee Pod Holders,Kitchen Dining Features,Storage & Organization",Home & Garden,"http://ecx.images-amazon.com/images/I/41qLb%2525252BvKEwL._SS40_.jpg,https://images-na.ssl-images-amazon.com/images/I/71ZtMCexlhL._SL1500_.jpg,https://i.ebayimg.com/images/g/1lwAAOSwB-1Y2AUC/s-l64.jpg,https://i.ebayimg.com/thumbs/images/g/ZdoAAOSwCU1Y2AUC/s-l200.jpg,http://ecx.images-amazon.com/images/I/418Qjp%2525252BuqlL._SS40_.jpg,https://i.ebayimg.com/00/s/MTUwWDE1MA==/z/X9MAAOSwY0lXSvYt/%25252524_10.JPG%2525253Fset_11.JPG%2525253Fset_id%2525253D807,https://i.ebayimg.com/thumbs/images/g/5HQAAOSwlqpauaoW/s-l96.jpg,https://www.upccodesearch.com/images/barcode/0841710106831.png,https://i.ebayimg.com/thumbs/images/g/rrIAAOSwzwxaorIo/s-l96.jpg,http://ecx.images-amazon.com/images/I/41ObzvgFRSL._SS40_.jpg,https://images-na.ssl-images-amazon.com/images/I/418Qjp%2525252BuqlL.jpg,https://images-na.ssl-images-amazon.com/images/I/71RF0kn8HQL._SL1500_.jpg,https://images-na.ssl-images-amazon.com/images/I/418Qjp%2BuqlL.jpg,http://ecx.images-amazon.com/images/I/418Qjp%2525252BuqlL._SY300_QL70_.jpg,https://i.ebayimg.com/thumbs/images/g/5hAAAOSw-YZa88kF/s-l96.jpg,https://www.barcodable.com/images/barcode/0841710106831.png,https://i.ebayimg.com/thumbs/images/g/OdwAAOSwsaZa48h6/s-l96.jpg,https://i.ebayimg.com/thumbs/images/g/luoAAOSw5LFanrN7/s-l200.jpg,https://images-na.ssl-images-amazon.com/images/I/61itAJKnuKL._SL1500_.jpg,http://ecx.images-amazon.com/images/I/31H6cK7p5TL._SS40_.jpg,https://i.ebayimg.com/images/g/ZdoAAOSwCU1Y2AUC/s-l64.jpg,https://images-na.ssl-images-amazon.com/images/I/91JN-puDwqL._SL1500_.jpg,https://images-na.ssl-images-amazon.com/images/I/81ya-xbbrnL._SL1500_.jpg,https://i.ebayimg.com/images/g/ZdoAAOSwCU1Y2AUC/s-l300.jpg,http://ecx.images-amazon.com/images/I/21CMb5Ah2TL._SS40_.jpg,https://i.ebayimg.com/thumbs/images/g/SMQAAOSw2cVaqj2o/s-l96.jpg,https://images-na.ssl-images-amazon.com/images/I/81wa%2525252B88fGWL._SL1500_.jpg,https://i.ebayimg.com/images/g/DgYAAOSwhQhY2AUB/s-l64.jpg,https://images-na.ssl-images-amazon.com/images/I/81G8RFYzGoL._SL1500_.jpg"
